gene_id	gene_name	HBRRep1	HBRRep2	HBRRep3	UHRRep1	UHRRep2	UHRRep3
ENSG00000008735	MAPK8IP2	1054.42011	1136.021851	1146.161212	16.693985	30.212527	10.830877
ENSG00000015475	BID	180.480313	290.312594	330.191583	476.244732	397.172577	514.977029
ENSG00000025708	TYMP	75.238634	56.944774	107.342819	128.832344	69.993546	95.516779
ENSG00000025770	NCAPH2	444.850583	386.752806	390.698684	546.995747	469.002365	610.925777
ENSG00000040608	RTN4R	395.777441	423.559968	434.07788	46.697585	25.964951	36.460085
ENSG00000054611	TBC1D22A	142.036074	143.967265	107.351214	127.751716	114.133368	143.780929
ENSG00000056487	PHF21B	94.057426	20.596061	10.447714	36.644885	19.41511	23.991622
ENSG00000063515	GSC2	0	0	0	0	0	0
ENSG00000069998	CECR5	140.89966	170.284709	210.627903	328.794562	285.899846	453.135849
ENSG00000070010	UFD1L	142.987995	285.966998	245.666106	635.753641	658.606251	567.01584
ENSG00000070371	CLTCL1	48.270043	50.827113	77.082392	88.108221	80.380381	68.268821
ENSG00000070413	DGCR2	681.152744	641.765774	698.86556	320.067328	328.672948	336.590792
ENSG00000073146	MOV10L1	11.417265	13.704616	11.331327	0	14.523415	0
ENSG00000073150	PANX2	166.432726	184.745917	215.811067	10.405274	17.174086	11.094582
ENSG00000073169	SELO	282.144251	259.358372	141.316347	149.078329	100.178023	199.501782
ENSG00000075218	GTSE1	6.412945	15.983712	2.948631	229.633522	227.790723	248.450425
ENSG00000075234	TTC38	106.801737	88.767918	60.447926	152.970201	217.150625	224.606332
ENSG00000075240	GRAMD4	201.439773	237.693252	223.844082	214.408307	269.763408	201.274491
ENSG00000075275	CELSR1	0	12.931521	0	95.437302	100.948746	107.118184
ENSG00000077935	SMC1B	0	0	0	3.739936	7.441059	6.148195
ENSG00000077942	FBLN1	169.777597	192.318823	127.892233	237.275826	257.971376	300.018161
ENSG00000079974	RABL2B	460.288079	262.924024	243.761431	219.359231	223.425825	136.079759
ENSG00000093000	NUP50	301.98901	374.810247	291.6347	508.443498	442.112281	449.000527
ENSG00000093009	CDC45	0	0	0	603.711252	475.864653	620.232933
ENSG00000093010	COMT	919.127777	842.146211	674.736706	922.110323	861.215199	1171.965525
ENSG00000093072	CECR1	73.918538	51.656095	75.302062	50.577357	38.668987	31.212886
ENSG00000093100	XXbac-B461K10.4	67.772171	93.978221	57.031691	8.671593	5.432069	4.500026
ENSG00000099889	ARVCF	405.061258	418.330702	519.759068	107.668554	91.314777	90.301192
ENSG00000099899	TRMT2A	307.580733	435.828694	213.100373	485.25394	352.577958	562.611671
ENSG00000099901	RANBP1	658.367631	808.753594	750.024955	3379.708923	3321.893508	3399.101316
ENSG00000099904	ZDHHC8	398.674434	212.729089	309.971394	275.255676	155.063028	293.610785
ENSG00000099910	KLHL22	225.998467	370.015229	304.49462	182.104188	138.158233	158.897551
ENSG00000099917	MED15	239.051017	311.605113	338.091836	459.92132	427.295143	415.175008
ENSG00000099937	SERPIND1	5.799078	9.53039	0	282.634838	284.457394	272.576376
ENSG00000099940	SNAP29	93.918664	133.630976	177.618852	237.311135	322.721749	203.191622
ENSG00000099942	CRKL	603.63311	626.134881	610.685105	626.213522	589.053929	628.392531
ENSG00000099949	LZTR1	746.327994	333.77101	501.897925	533.974162	667.711515	433.915896
ENSG00000099953	MMP11	2.58189	0	9.129956	74.114139	55.81389	61.095403
ENSG00000099954	CECR2	166.009066	86.177198	180.280526	60.268311	51.708184	82.312854
ENSG00000099956	SMARCB1	439.775203	456.843124	358.7301	455.237781	555.402126	493.998494
ENSG00000099957	P2RX6	55.735235	46.34539	82.695434	51.409386	26.516597	64.735296
ENSG00000099958	DERL3	6.410764	16.322272	31.093841	246.414781	213.050917	243.064661
ENSG00000099960	SLC7A4	83.903372	90.759958	60.905752	2.02656	0	2.492707
ENSG00000099968	BCL2L13	655.847185	595.506387	768.82544	339.888134	364.984452	359.246195
ENSG00000099974	DDTL	7.486494	6.164245	7.013104	17.665108	5.056829	17.406431
ENSG00000099977	DDT	659.328155	528.36886	586.789466	983.217428	1098.902155	1351.696907
ENSG00000099984	GSTT2	0	0	0	0	0	0
ENSG00000099985	OSM	0	0	0	0	0	3.163044
ENSG00000099991	CABIN1	542.542973	639.483262	738.173466	386.054777	332.71945	405.566535
ENSG00000099992	TBC1D10A	64.111209	57.936961	114.274482	105.831919	107.352254	122.8431
ENSG00000099994	SUSD2	21.586193	17.988881	16.606119	13.862967	24.095118	16.472954
ENSG00000099995	SF3A1	838.555416	969.643714	947.91174	607.911877	556.993427	693.707478
ENSG00000099998	GGT5	158.200845	122.7342	65.538051	16.763396	23.961195	7.384839
ENSG00000099999	RNF215	320.326058	288.658631	162.210574	171.276662	196.818182	105.037837
ENSG00000100003	SEC14L2	413.984519	389.414419	275.291588	142.653503	39.768153	91.497755
ENSG00000100012	SEC14L3	0	0	0	0	0	0
ENSG00000100014	SPECC1L	543.52237	610.796051	663.218808	390.374488	324.481285	279.548383
ENSG00000100023	PPIL2	196.917191	170.355322	185.121414	480.618658	504.38628	491.196369
ENSG00000100024	UPB1	0	4.412895	4.092973	2.042909	10.871554	2.51269
ENSG00000100027	YPEL1	151.569925	187.496612	153.140909	32.18687	33.575916	25.619349
ENSG00000100028	SNRPD3	569.493634	484.870599	886.398557	1520.650217	1528.334213	1467.624433
ENSG00000100029	PES1	310.603221	357.734877	282.106046	600.707549	759.71182	831.224386
ENSG00000100030	MAPK1	1930.564816	2330.914245	2763.915003	1287.491981	1115.115746	1224.370616
ENSG00000100031	GGT1	66.008263	53.544304	132.614295	268.223031	202.022098	244.049926
ENSG00000100033	PRODH	605.23579	514.268371	567.37774	116.869479	83.260212	114.368641
ENSG00000100034	PPM1F	162.569894	179.588748	244.636302	214.584767	205.004203	245.431967
ENSG00000100036	SLC35E4	65.857922	108.21528	100.00823	36.370654	35.994348	27.991759
ENSG00000100038	TOP3B	177.108816	115.716177	200.987464	386.833865	600.374985	624.756914
ENSG00000100053	CRYBB3	0	0	0	0	0	0
ENSG00000100055	CYTH4	75.909131	49.386011	41.655286	29.649983	87.908043	17.547093
ENSG00000100056	DGCR14	116.201976	167.117889	105.277173	156.668896	116.443633	157.792322
ENSG00000100058	CRYBB2P1	194.918721	189.987681	254.680999	185.197958	159.688111	256.959364
ENSG00000100060	MFNG	19.683783	20.224209	27.934122	184.43772	94.148322	148.949195
ENSG00000100065	CARD10	22.978971	10.306519	11.521805	140.256482	203.785964	118.655182
ENSG00000100068	LRP5L	31.628951	24.810908	19.047239	64.035897	58.03736	65.478191
ENSG00000100075	SLC25A1	196.758999	226.607969	203.141029	607.966869	537.35584	758.79702
ENSG00000100077	GRK3	307.514007	407.230217	403.662796	137.130833	104.928782	123.914062
ENSG00000100078	PLA2G3	0	3.07019	0	20.546616	22.966063	12.64847
ENSG00000100079	LGALS2	0	0	0	21.086405	15.345978	12.640346
ENSG00000100083	GGA1	446.716969	457.306355	466.169776	704.266198	682.054535	548.749373
ENSG00000100084	HIRA	172.448005	202.161045	118.386369	202.976343	218.418782	201.684773
ENSG00000100092	SH3BP1	159.788632	45.098012	72.895704	120.915431	126.369532	262.451647
ENSG00000100095	SEZ6L	792.314941	837.053634	726.214735	10.167338	13.656416	30.405539
ENSG00000100097	LGALS1	1732.054212	1743.664562	1586.097818	8033.833102	6894.907943	8219.635826
ENSG00000100099	HPS4	281.353041	333.648063	451.230486	340.916934	383.583388	457.305822
ENSG00000100100	PIK3IP1	418.918547	525.379904	456.199951	74.754643	64.3836	64.420142
ENSG00000100101	RP1-37E16.12	0	0	0	0	0	1.401054
ENSG00000100104	SRRD	107.785893	184.873374	225.433463	140.75112	291.514419	253.805828
ENSG00000100105	PATZ1	217.983208	178.931672	162.451481	270.268393	240.179008	243.681891
ENSG00000100106	TRIOBP	118.513521	72.721934	100.930632	299.190936	306.50922	292.169239
ENSG00000100109	TFIP11	224.053042	311.552348	247.336261	430.739326	321.776219	361.629417
ENSG00000100116	GCAT	280.294662	143.824745	195.036665	210.097688	210.065441	224.303385
ENSG00000100121	GGTLC2	0	0	0	0	0	0
ENSG00000100122	CRYBB1	10.143127	0	9.321137	9.365733	13.846939	22.855108
ENSG00000100124	ANKRD54	121.837216	201.062728	237.029912	209.061601	158.714393	230.793855
ENSG00000100129	EIF3L	3299.499934	2223.459166	2391.313025	5669.319605	6103.06626	5257.082524
ENSG00000100138	SNU13	1135.714249	1090.171678	1151.880377	1813.810871	1452.098422	1371.995405
ENSG00000100139	MICALL1	147.799398	112.185737	112.708793	159.881398	197.109146	154.441854
ENSG00000100142	POLR2F	541.136913	696.719688	514.463546	768.692287	941.842957	797.460586
ENSG00000100146	SOX10	296.017019	379.38495	361.873893	192.642598	173.673849	181.186283
ENSG00000100147	CCDC134	60.129537	91.672257	110.530234	126.698473	99.707	116.196949
ENSG00000100150	DEPDC5	206.2963	205.403477	99.216155	140.818653	249.673145	192.677344
ENSG00000100151	PICK1	526.227871	330.182767	319.166927	101.62475	184.042821	161.135677
ENSG00000100154	TTC28	109.014038	228.759676	73.025599	144.845423	146.496854	47.206971
ENSG00000100156	SLC16A8	18.694262	13.626149	17.164398	0	11.613406	0
ENSG00000100162	CENPM	0	35.90222	10.917493	392.732428	268.679794	328.364417
ENSG00000100167	SEPT3	1820.843372	1919.641721	1958.404484	53.014265	69.021805	65.420299
ENSG00000100170	SLC5A1	0	0	0	0	2.636329	0
ENSG00000100181	TPTEP1	40.347338	47.157799	35.358938	130.886729	186.598324	127.444773
ENSG00000100191	SLC5A4	10.149264	4.170946	4.66571	18.643491	10.402038	8.591486
ENSG00000100196	KDELR3	12.120219	20.38257	10.862772	236.798919	372.493041	263.244755
ENSG00000100197	CYP2D6	0	7.434718	26.828707	8.301637	15.450147	10.209646
ENSG00000100201	DDX17	3055.533701	2861.258354	2773.047712	2636.216348	2333.172911	2573.662244
ENSG00000100206	DMC1	94.802337	12.172597	0	70.607898	25.745213	66.814593
ENSG00000100207	TCF20	354.954097	296.934295	320.06396	341.371198	299.181323	276.630243
ENSG00000100209	HSCB	60.305585	95.782828	115.748767	188.87369	193.763237	125.072001
ENSG00000100211	CBY1	89.742729	148.606969	140.200563	190.926254	117.454916	180.97761
ENSG00000100216	TOMM22	257.42012	379.58475	318.483756	548.876804	555.411137	493.448233
ENSG00000100218	RSPH14	54.932213	67.41425	42.29323	0	0	0
ENSG00000100219	XBP1	365.252894	423.411022	393.515311	2901.027071	2473.911675	2621.383327
ENSG00000100220	RTCB	570.489756	701.735593	595.606296	832.651474	655.865677	697.918509
ENSG00000100221	JOSD1	385.091093	368.442871	316.73261	308.097466	586.579406	499.191695
ENSG00000100225	FBXO7	760.692869	679.704733	816.719385	1003.175399	1269.788144	997.065661
ENSG00000100226	GTPBP1	414.898776	318.309964	442.00018	390.531193	345.603246	335.441504
ENSG00000100227	POLDIP3	382.978302	371.18355	387.162864	346.333828	336.03586	353.12045
ENSG00000100228	RAB36	108.207425	53.025731	73.506313	17.714766	14.10078	17.476608
ENSG00000100234	TIMP3	399.93314	441.063299	457.808941	764.532298	696.6492	707.860925
ENSG00000100239	PPP6R2	426.990837	572.220949	611.021015	353.831646	294.610363	344.402136
ENSG00000100241	SBF1	1223.300439	1066.695239	1010.876601	352.573532	368.489779	428.241379
ENSG00000100242	SUN2	1468.055113	1249.753173	1422.017757	449.737643	474.594335	644.366506
ENSG00000100243	CYB5R3	532.608456	704.779218	563.115563	852.506276	980.207054	849.720878
ENSG00000100246	DNAL4	134.51806	232.604054	208.259393	149.874885	94.493825	108.868629
ENSG00000100249	C22orf31	0	0	0	0	0	0
ENSG00000100253	MIOX	0	0	0	5.135332	0	7.118288
ENSG00000100258	LMF2	199.506237	234.523279	247.071681	362.697928	353.59328	390.674645
ENSG00000100263	RHBDD3	218.140649	251.840031	183.090872	258.540372	280.98641	277.718075
ENSG00000100266	PACSIN2	343.147142	291.130959	307.401092	336.968802	324.5943	371.478221
ENSG00000100271	TTLL1	134.437491	173.426082	141.243636	29.439927	51.157029	68.61039
ENSG00000100276	RASL10A	74.305149	152.795739	129.53313	0	0	0
ENSG00000100280	AP1B1	532.405386	525.140271	579.18101	393.909012	401.389968	366.065352
ENSG00000100281	HMGXB4	87.905831	133.022464	119.602632	200.7756	295.357332	169.065118
ENSG00000100284	TOM1	415.631513	414.881374	393.493614	168.674016	160.952726	168.354825
ENSG00000100285	NEFH	506.436553	551.893106	583.37504	28.697889	41.044803	30.964934
ENSG00000100288	CHKB	337.614596	375.026146	533.961011	334.124147	252.623089	311.350002
ENSG00000100290	BIK	0	9.905081	0	16.76589	24.727201	27.201256
ENSG00000100292	HMOX1	103.701009	84.527686	63.046251	212.716195	199.112848	296.26084
ENSG00000100294	MCAT	110.519047	135.246101	230.96837	115.612985	127.047946	103.895935
ENSG00000100296	THOC5	286.352428	318.077462	230.647446	333.469422	319.311733	385.102644
ENSG00000100297	MCM5	178.572003	98.827464	108.124937	1364.91025	603.955048	1044.475389
ENSG00000100298	APOBEC3H	0	0	0	0	0	0
ENSG00000100299	ARSA	288.328247	231.923456	337.21848	153.730509	186.924671	191.393821
ENSG00000100300	TSPO	177.680841	98.168232	158.939893	952.141691	797.547515	894.026815
ENSG00000100302	RASD2	151.293827	184.273288	152.509965	17.330537	23.866026	24.648468
ENSG00000100304	TTLL12	160.13403	265.545387	154.170467	366.744743	416.236376	372.745371
ENSG00000100307	CBX7	729.053886	847.36168	799.515761	27.752661	39.772721	46.047835
ENSG00000100311	PDGFB	104.881253	95.613013	93.7192	49.359293	46.512207	65.651478
ENSG00000100312	ACR	0	0	0	0	0	0
ENSG00000100314	CABP7	61.074802	65.303676	81.438434	2.798841	2.087375	8.623038
ENSG00000100316	RPL3	5306.060068	4905.602166	5283.638348	14941.237729	13004.784449	13928.385709
ENSG00000100319	ZMAT5	189.9157	134.412998	131.158078	207.746526	191.10608	143.406115
ENSG00000100320	RBFOX2	1614.971079	1503.973977	1639.668342	628.587737	587.938618	541.978789
ENSG00000100321	SYNGR1	1846.512621	1930.829434	1880.415588	101.973737	172.194138	104.659758
ENSG00000100324	TAB1	334.323545	234.360592	227.948796	125.089535	132.448242	172.167913
ENSG00000100325	ASCC2	115.897342	212.791886	198.443229	328.593169	248.285529	312.451423
ENSG00000100330	MTMR3	333.986684	349.866475	386.103355	146.633294	120.505201	149.48061
ENSG00000100335	MIEF1	176.773622	203.444179	686.366949	283.008436	226.558973	289.568534
ENSG00000100336	APOL4	31.740744	23.437361	20.431929	30.053099	8.678308	5.377468
ENSG00000100341	PNPLA5	15.473862	8.478616	7.331026	0	3.18154	0
ENSG00000100342	APOL1	40.364896	39.283227	18.941654	157.547106	142.920641	202.499088
ENSG00000100344	PNPLA3	29.691268	11.342259	6.584851	64.16673	76.453029	64.984489
ENSG00000100345	MYH9	647.492865	563.898189	538.193889	1686.959669	1450.875488	1706.822431
ENSG00000100346	CACNA1I	94.056761	103.029447	112.402298	1.4924	1.326167	0
ENSG00000100347	SAMM50	269.410586	195.435612	246.997747	377.222395	459.816901	338.953934
ENSG00000100348	TXN2	293.20881	252.793686	218.768184	230.092568	244.235636	150.224964
ENSG00000100350	FOXRED2	183.462879	243.338599	354.843537	266.35322	195.915397	223.683078
ENSG00000100351	GRAP2	2.533308	0	2.329751	144.605452	169.198572	111.222961
ENSG00000100353	EIF3D	446.933082	469.91416	668.068017	1747.667449	1794.624071	1848.914469
ENSG00000100354	TNRC6B	508.20967	485.024251	439.304904	280.109272	155.071115	201.650432
ENSG00000100359	SGSM3	517.765483	636.412183	669.730855	333.531007	292.441739	428.106206
ENSG00000100360	IFT27	297.083242	194.115958	292.866505	299.874616	182.00781	179.573602
ENSG00000100362	PVALB	2365.787623	2430.752819	2161.472216	267.446462	259.106796	200.0459
ENSG00000100364	KIAA0930	949.872435	881.529599	980.776588	319.133458	330.702153	297.557754
ENSG00000100365	NCF4	19.257682	41.74115	11.80976	74.18335	84.890084	64.157138
ENSG00000100368	CSF2RB	2.009375	3.306584	7.392052	41.392044	48.082661	47.668145
ENSG00000100372	SLC25A17	255.063867	160.115483	192.477032	215.010584	258.747504	311.751884
ENSG00000100373	UPK3A	0	0	0	9.915819	7.32471	0
ENSG00000100376	FAM118A	278.172748	338.655512	234.985924	248.143206	284.166321	266.886695
ENSG00000100379	KCTD17	287.128349	441.856798	490.237556	106.441033	129.099741	57.022493
ENSG00000100380	ST13	2101.402332	2407.11398	2422.632558	2284.296604	2585.98019	2553.269766
ENSG00000100385	IL2RB	2.391859	0	0	6.572085	6.54066	20.222803
ENSG00000100387	RBX1	372.465436	451.386898	411.975535	470.229395	473.760115	414.465874
ENSG00000100393	EP300	356.19181	630.115659	725.020105	428.159121	387.158132	322.278586
ENSG00000100395	L3MBTL2	269.285812	263.818763	246.26321	221.717869	196.014293	156.755011
ENSG00000100399	CHADL	234.812364	121.479798	139.525474	7.482828	10.980344	0
ENSG00000100401	RANGAP1	832.448143	836.582606	749.688226	673.707823	622.581854	659.064552
ENSG00000100403	ZC3H7B	667.729083	692.916191	703.681664	331.580642	315.520667	334.163339
ENSG00000100410	PHF5A	519.998203	279.431981	142.264488	619.55548	521.295511	476.709009
ENSG00000100412	ACO2	1710.337865	1746.372463	1597.300073	608.137894	581.337727	649.6392
ENSG00000100413	POLR3H	560.307162	314.7619	416.997214	246.550355	192.510628	207.707254
ENSG00000100416	TRMU	378.100189	371.974183	401.322378	478.565825	433.79884	407.619809
ENSG00000100417	PMM1	255.038855	287.876736	352.115431	234.88432	169.410107	126.569218
ENSG00000100418	DESI1	335.95352	413.529648	390.092835	358.515247	311.731398	205.534888
ENSG00000100422	CERK	447.290448	460.797784	576.817104	300.614676	290.082823	310.171151
ENSG00000100425	BRD1	307.354375	182.440582	189.392186	217.762293	158.409057	178.209659
ENSG00000100426	ZBED4	40.669246	46.164428	58.043079	116.122228	135.207079	118.078512
ENSG00000100427	MLC1	906.974934	712.014502	745.164104	26.420726	17.134023	16.98902
ENSG00000100429	HDAC10	171.820536	164.204018	264.405459	295.765849	203.315243	222.045156
ENSG00000128159	TUBGCP6	422.543768	412.780223	388.662407	261.086175	228.712323	241.024484
ENSG00000128165	ADM2	0	1.889628	2.112333	28.396704	32.97497	40.222501
ENSG00000128185	DGCR6L	476.271909	365.141694	339.973683	443.653341	346.60347	503.878386
ENSG00000128191	DGCR8	227.640257	354.932995	176.952562	466.45471	393.52466	339.905268
ENSG00000128203	ASPHD2	165.746167	175.280757	253.128923	25.768115	18.208518	35.103281
ENSG00000128218	VPREB3	0	0	0	0	0	15.97549
ENSG00000128228	SDF2L1	68.081907	156.219716	37.525191	315.469909	297.199805	321.749918
ENSG00000128242	GAL3ST1	150.092071	58.027647	74.903851	8.892791	53.412211	10.90714
ENSG00000128245	YWHAH	5899.296469	7271.93834	5989.222575	896.876541	872.121123	952.353077
ENSG00000128250	RFPL1	0	0	0	0	0	0
ENSG00000128253	RFPL2	51.857802	7.92294	63.516662	0	0	0
ENSG00000128254	C22orf24	0	11.875827	29.952104	11.172522	0	0
ENSG00000128262	POM121L9P	1.945094	3.200874	3.577809	0	1.35605	0
ENSG00000128266	GNAZ	737.530699	654.190257	617.058346	55.979794	34.654921	57.214562
ENSG00000128268	MGAT3	485.752351	619.705197	473.339799	29.116191	18.450531	23.959149
ENSG00000128271	ADORA2A	45.10774	119.74966	0	45.736422	48.89722	49.895838
ENSG00000128272	ATF4	2125.98662	2109.311915	2046.77747	4515.570501	4013.172199	4317.757969
ENSG00000128274	A4GALT	35.714738	20.967435	9.381913	90.277303	93.152206	85.508442
ENSG00000128276	RFPL3	0	0	0	0	0	0
ENSG00000128283	CDC42EP1	281.582845	434.296718	283.234787	297.299037	237.308049	328.081606
ENSG00000128284	APOL3	29.085247	7.591095	67.479296	131.270369	88.185202	73.743717
ENSG00000128285	MCHR1	42.227562	66.070381	55.010196	0	7.215459	5.076808
ENSG00000128294	TPST2	151.387993	93.579537	175.087036	157.470575	89.526596	186.219206
ENSG00000128298	BAIAP2L2	0	51.44384	9.158894	35.388486	16.318478	16.865695
ENSG00000128309	MPST	187.922249	168.769912	177.15318	385.175265	334.158272	434.629404
ENSG00000128310	GALR3	0	0	8.800694	0	6.537277	0
ENSG00000128311	TST	164.200084	138.08739	150.88625	389.580993	381.263016	248.068851
ENSG00000128313	APOL5	0	0	0	0	0	0
ENSG00000128322	IGLL1	0	0	0	0	0	19.498537
ENSG00000128335	APOL2	566.60013	732.581404	589.659628	332.462431	373.497846	332.632272
ENSG00000128340	RAC2	50.392136	47.300663	33.086992	356.697348	387.165877	377.007165
ENSG00000128342	LIF	4.96518	6.126945	6.84936	209.61526	161.230354	148.647789
ENSG00000128346	C22orf23	28.045692	5.758995	0	12.905625	9.57768	15.816346
ENSG00000128383	APOBEC3A	0	0	0	0	0	0
ENSG00000128394	APOBEC3F	23.731197	34.765295	0	10.792089	100.950078	41.289927
ENSG00000128408	RIBC2	0	17.778389	6.632587	63.598321	39.423711	30.016727
ENSG00000130487	KLHDC7B	0	0	3.075192	4.598904	16.000243	1.888418
ENSG00000130489	SCO2	57.526233	150.965661	63.428117	207.453628	186.158529	239.681448
ENSG00000130538	OR11H1	0	0	0	0	0	0
ENSG00000130540	SULT4A1	1246.56679	1148.547917	1110.872499	7.240512	15.584625	5.149223
ENSG00000130638	ATXN10	1412.827026	1238.868249	1802.455435	379.655908	509.597143	917.799935
ENSG00000130943	PKDREJ	1.2532	0	1.152648	0	0.85693	0
ENSG00000131100	ATP6V1E1	2999.290454	2889.85206	2717.702912	884.358729	940.778267	867.828629
ENSG00000133422	MORC2	147.040714	133.355349	93.584184	206.417464	117.573842	269.105127
ENSG00000133424	LARGE1	389.322331	384.864401	461.031658	110.288376	99.77533	136.24316
ENSG00000133433	GSTT2B	81.407873	50.095147	56.107806	46.981982	48.620958	63.0544
ENSG00000133454	MYO18B	0	0	0	37.652311	73.349727	45.411474
ENSG00000133460	SLC2A11	279.280773	248.105097	235.359043	100.074611	207.08911	123.408113
ENSG00000133466	C1QTNF6	27.7339	6.421616	16.150131	120.177582	148.156595	121.975323
ENSG00000133475	GGT2	0	0	0	3.97156	0	0
ENSG00000133477	FAM83F	0	0.504147	8.879014	24.949967	7.957823	4.500317
ENSG00000133488	SEC14L4	0	0	0	3.717158	2.768817	9.149027
ENSG00000133519	ZDHHC8P1	92.480503	68.521806	52.735585	0	5.231958	7.471129
ENSG00000138867	GUCD1	158.891012	133.624491	173.445095	521.371474	499.49517	468.888314
ENSG00000138892	TTLL8	0	0	0	0	0	0
ENSG00000138942	RNF185	196.482239	277.687079	220.078835	185.430056	203.490047	179.62824
ENSG00000138944	KIAA1644	210.601128	238.160391	226.641957	104.868653	102.85898	107.672982
ENSG00000138964	PARVG	68.167698	31.042116	42.275952	76.954454	76.153454	45.565945
ENSG00000159307	SCUBE1	0	42.822681	2.698965	3.130855	14.71291	8.151864
ENSG00000159496	RGL4	0	26.330782	0	0	32.885014	9.038155
ENSG00000159873	CCDC117	163.16325	150.497527	120.497612	279.658563	294.445827	236.001244
ENSG00000159958	TNFRSF13C	9.996192	4.111685	6.894756	12.590188	15.375663	15.527884
ENSG00000161103	AC008132.13	0	0	0	0	4.206611	0.926561
ENSG00000161132	XXbac-B444P24.10	0	14.498709	0	0	6.029712	0
ENSG00000161133	USP41	0	0	0	9.722289	0	0
ENSG00000161149	TUBA3FP	31.394467	44.653874	62.648381	25.299819	28.60031	23.621619
ENSG00000161179	YDJC	126.40178	164.490717	158.335984	519.772723	405.192482	500.124437
ENSG00000161180	CCDC116	10.831666	0	4.151779	19.347382	6.171184	3.056008
ENSG00000166862	CACNG2	127.865569	109.69113	172.437944	0	0	0
ENSG00000166897	ELFN2	132.371779	139.250034	128.103244	10.002825	7.084197	16.913877
ENSG00000167037	SGSM1	200.042958	201.921608	187.891139	2.964759	3.322592	6.008648
ENSG00000167065	DUSP18	30.980831	50.090552	69.572424	31.535682	66.263956	30.788528
ENSG00000167074	TEF	734.965653	696.602512	698.655588	43.957207	132.299183	35.315225
ENSG00000167077	MEI1	14.084422	2.015264	10.270865	40.358459	1.674674	13.269964
ENSG00000168135	KCNJ4	318.768833	327.514009	265.607919	4.574208	0	8.432848
ENSG00000169184	MN1	56.163986	35.717607	82.892173	67.145173	121.900098	88.725108
ENSG00000169314	C22orf15	0	0	0	0	3.484214	5.755499
ENSG00000169548	ZNF280A	0	0	0	19.714632	29.343546	32.316339
ENSG00000169575	VPREB1	0	0	0	7.522052	0	11.671258
ENSG00000169635	HIC2	37.601489	28.095643	34.016818	134.709896	101.891533	110.928674
ENSG00000169662	BCRP6	0	0	0	0	0	0
ENSG00000169668	BCRP2	13.933143	30.286041	37.523457	4.27598	29.072669	7.190657
ENSG00000170638	TRABD	124.175414	101.0598	73.794634	234.012483	261.243128	254.645608
ENSG00000172250	SERHL	24.100323	20.471957	0	0	8.641095	0
ENSG00000172346	CSDC2	260.877526	287.056543	240.379919	6.637677	4.946899	0
ENSG00000172404	DNAJB7	0	0	0	0	0	0
ENSG00000172912	COX6B1P3	0	0	0	0	0	0
ENSG00000172967	XKR3	0	0	0	2.856102	4.24344	21.025218
ENSG00000175329	ISX	0	0	0	1.344778	6.018502	1.821909
ENSG00000176177	ENTHD1	0	0	0	3.406822	0	6.291873
ENSG00000176635	HORMAD2	0	0	0	9.057078	0	0
ENSG00000177096	FAM109B	39.229012	7.166909	16.031292	12.001179	8.935956	12.302381
ENSG00000177663	IL17RA	62.573933	57.709755	76.858851	53.770064	50.429698	49.256221
ENSG00000177989	ODF3B	12.167162	58.82065	11.185603	20.84213	76.650322	47.608707
ENSG00000177993	ZNRF3-AS1	0	0	0	0	0	0
ENSG00000178026	LRRC75B	124.467702	117.574767	142.111505	67.748428	78.479873	92.165613
ENSG00000178248	AP000345.1	0	0	0	0	4.581223	0
ENSG00000178803	ADORA2A-AS1	0	0	0	0	5.403023	0
ENSG00000179750	APOBEC3B	8.496996	6.97564	0	117.806077	153.709781	126.541979
ENSG00000180150	HMGN2P9	0	0	0	0	0	0
ENSG00000180957	PITPNB	278.120611	289.34887	220.849898	186.369128	211.168963	166.208311
ENSG00000181123	RP4-539M6.14	0	0	0	0	0	0
ENSG00000182057	OGFRP1	0	7.235834	0	46.735005	33.236877	48.844747
ENSG00000182257	PRR34	7.128426	0	3.277489	1.634222	2.436058	0
ENSG00000182351	CRIP1P4	0	0	0	0	0	0
ENSG00000182541	LIMK2	184.436863	242.755254	213.474799	164.46296	148.862328	174.780083
ENSG00000182824	AC008132.15	0	0	0	0	8.462531	0
ENSG00000182841	RRP7BP	193.558909	276.778881	183.768247	185.130426	196.411927	168.427875
ENSG00000182858	ALG12	56.431104	164.55279	202.466926	188.508303	93.588621	94.06641
ENSG00000182902	SLC25A18	415.72308	417.630949	372.059208	2.296866	9.658808	11.291452
ENSG00000182944	EWSR1	1562.396407	1443.213536	1522.708378	1881.923809	1929.370757	1875.042211
ENSG00000183066	WBP2NL	47.765626	41.444728	45.559701	11.391312	18.98673	4.675838
ENSG00000183169	POM121L1P	0	0	0	0	3.873672	0
ENSG00000183172	SMDT1	199.201006	420.791206	439.763307	168.722369	155.580416	124.426201
ENSG00000183246	RIMBP3C	3.554885	0	0	10.271721	9.280612	0
ENSG00000183307	CECR6	57.654587	84.635116	67.117419	10.254715	8.50372	5.621186
ENSG00000183506	PI4KAP2	177.905384	195.383863	170.285779	279.787938	287.240204	251.17127
ENSG00000183530	PRR14L	291.968518	202.7588	284.608206	164.221123	186.262368	161.998466
ENSG00000183569	SERHL2	0	59.312433	40.550972	89.547169	29.887784	43.038694
ENSG00000183579	ZNRF3	129.831108	117.297924	124.603887	77.085422	97.045742	74.103561
ENSG00000183597	TANGO2	225.353187	325.230929	432.7483	326.335804	276.016631	127.006976
ENSG00000183628	DGCR6	395.956337	468.428363	420.998998	61.674297	76.601356	63.020416
ENSG00000183741	CBX6	1260.143154	1232.398566	1286.676058	278.335016	267.562371	293.081901
ENSG00000183762	KREMEN1	87.658785	80.606562	56.842473	71.94191	61.574024	70.348042
ENSG00000183765	CHEK2	27.624694	58.065881	29.890217	251.473207	368.450847	446.069411
ENSG00000183773	AIFM3	386.803519	421.597996	484.633661	28.271374	30.483367	35.213902
ENSG00000183785	TUBA8	486.899872	490.626826	670.317933	0	12.647063	0
ENSG00000183822	CTA-833B7.2	0	0	0	0	0	0
ENSG00000183864	TOB2	414.49934	487.889607	371.332007	165.189207	182.529007	200.102622
ENSG00000183963	SMTN	133.570028	76.341821	176.189016	222.104348	214.275606	243.173822
ENSG00000184058	TBX1	8.765708	0	24.278894	28.013401	52.329422	14.405956
ENSG00000184068	RP5-821D11.7	6.693044	5.504427	6.154752	4.602182	0	1.889758
ENSG00000184076	UQCR10	1156.510556	1041.707812	1239.438899	1379.757398	963.654087	1189.857856
ENSG00000184113	CLDN5	446.462144	504.451106	374.856566	0	2.948675	0
ENSG00000184117	NIPSNAP1	470.269602	508.73167	555.130743	662.114188	674.844575	640.70497
ENSG00000184164	CRELD2	183.231542	219.855071	302.187436	196.82438	277.392166	214.446683
ENSG00000184208	C22orf46	99.385716	58.131302	57.757439	57.937865	90.735397	52.112125
ENSG00000184319	RPL23AP82	200.235869	320.767272	260.466554	87.602843	107.015919	150.322277
ENSG00000184381	PLA2G6	328.066693	251.442786	352.761666	252.315236	336.079187	239.849159
ENSG00000184436	THAP7	189.269505	264.740352	234.538523	259.099644	362.116877	326.772471
ENSG00000184459	BPIFC	0	0	0	0	0	0
ENSG00000184470	TXNRD2	250.015703	244.846773	210.027404	200.358442	216.125848	233.42445
ENSG00000184571	PIWIL3	0	0	0	1.505099	0	0
ENSG00000184624	ZNF72P	0	0	0	0	3.710877	0
ENSG00000184702	SEPT5	2920.263428	3137.851865	3174.925024	453.45932	480.568222	419.667598
ENSG00000184708	EIF4ENIF1	243.718216	354.506306	236.641115	132.507932	192.004282	102.477026
ENSG00000184792	OSBP2	421.149369	345.021425	253.465395	130.383022	86.339638	124.236675
ENSG00000184949	FAM227A	22.812852	31.288823	9.39506	35.966079	37.657158	19.274478
ENSG00000184979	USP18	19.271214	31.681625	22.148442	79.030341	55.964543	62.540233
ENSG00000184983	NDUFA6	650.089397	864.740432	751.497404	1020.794398	1183.076868	893.793406
ENSG00000185022	MAFF	100.602998	82.733859	70.102671	164.072228	153.408277	136.358975
ENSG00000185065	AC000068.5	14.693785	16.103816	4.503323	2.248873	20.080367	5.528566
ENSG00000185133	INPP5J	170.27689	186.100729	151.843043	12.760833	19.087468	26.699327
ENSG00000185252	ZNF74	109.623616	89.916416	108.0599	133.016975	139.449488	155.736303
ENSG00000185264	TEX33	0	0	0	0	0	0
ENSG00000185339	TCN2	119.939636	105.040769	112.962293	143.666489	155.889757	118.502596
ENSG00000185340	GAS2L1	280.151904	236.653442	247.013003	53.164149	63.395197	75.465405
ENSG00000185386	MAPK11	225.367576	277.937675	301.234473	40.210615	57.042517	58.900764
ENSG00000185608	MRPL40	249.741132	310.223639	266.343906	475.639386	433.06163	494.998725
ENSG00000185651	UBE2L3	670.064344	646.663939	595.237086	697.508491	672.331849	609.050206
ENSG00000185666	SYN3	245.308082	376.526023	349.672764	48.386017	22.79856	33.46445
ENSG00000185686	PRAME	0	0	0	1641.444496	1405.233567	1527.878562
ENSG00000185721	DRG1	461.289169	497.160877	512.199975	540.783151	754.238141	500.791904
ENSG00000185837	CECR5-AS1	0	0	19.52223	27.079301	37.895448	0
ENSG00000185838	GNB1L	52.412224	80.050527	43.230188	84.253235	152.945448	88.841122
ENSG00000186575	NF2	458.666309	417.383354	484.597248	444.106913	514.083162	437.508438
ENSG00000186654	PRR5	71.376604	33.490843	20.066832	62.263833	81.674449	41.3065
ENSG00000186716	BCR	488.211163	694.29897	511.818603	306.48716	356.868133	306.339154
ENSG00000186732	MPPED1	370.325102	377.733184	369.795161	1.852182	1.849058	4.558857
ENSG00000186951	PPARA	127.378526	125.716618	148.939422	130.633533	136.074546	110.325621
ENSG00000186976	EFCAB6	74.492754	107.44173	58.947398	5.875931	0	2.504729
ENSG00000186998	EMID1	78.489456	102.678212	127.476769	31.273688	13.242524	25.557801
ENSG00000187012	LINC00207	0	0	0	0	0	0
ENSG00000187045	TMPRSS6	0	0	0	4.39394	4.229518	18.928165
ENSG00000187051	RPS19BP1	830.922335	851.802136	792.220159	728.731826	719.02373	606.815819
ENSG00000187792	ZNF70	34.898707	52.845433	39.801652	50.450115	42.953108	30.76461
ENSG00000187860	CCDC157	6.664645	56.627693	40.906993	11.202845	21.051814	4.702595
ENSG00000187905	LRRC74B	0	17.282173	0	0	0	1.74494
ENSG00000187979	AC008079.9	0	0	0	0	0	0
ENSG00000188064	WNT7B	15.094354	55.288216	13.881514	10.369988	12.038617	19.89453
ENSG00000188078	RP5-1119A7.11	0	0	0	0	0	0
ENSG00000188130	MAPK12	234.511721	262.163855	227.735244	236.520524	223.107107	279.572824
ENSG00000188263	IL17REL	0	2.329924	2.604865	0	1.936262	1.599813
ENSG00000188280	AC007731.1	0	0	0	0	5.675828	17.496845
ENSG00000188511	C22orf34	6.636196	10.902995	8.561884	49.981455	53.526465	63.909983
ENSG00000188636	LDOC1L	306.341993	377.384791	281.747853	191.252767	179.185255	178.089901
ENSG00000188677	PARVB	203.963051	211.272029	154.083195	354.783236	553.841439	493.3383
ENSG00000189060	H1F0	442.752483	499.607085	419.077728	488.00753	474.610431	453.304129
ENSG00000189269	DRICH1	0	14.997295	16.83115	0	0	10.295579
ENSG00000189295	ANKRD62P1-PARP4P3	0	0	0	0	0	0
ENSG00000189306	RRP7A	194.542904	230.275675	313.741209	344.937464	198.846119	248.858586
ENSG00000196236	XPNPEP3	72.898569	97.320884	59.900323	173.375513	155.481623	198.099251
ENSG00000196419	XRCC6	2312.814898	1493.31988	1519.132453	2918.694818	3284.468741	2828.005684
ENSG00000196431	CRYBA4	20.088988	0	0	0	13.684434	8.305549
ENSG00000196576	PLXNB2	411.060488	506.025233	406.856144	371.64483	321.940045	374.458885
ENSG00000196588	MKL1	385.358123	332.295381	309.567081	191.869866	212.432948	105.36658
ENSG00000197077	KIAA1671	164.13759	182.569995	150.052903	88.991616	106.569542	100.351769
ENSG00000197182	MIRLET7BHG	280.676505	371.85167	287.160963	84.620898	112.553864	117.711261
ENSG00000197210	KB-1592A4.15	0	0	0	1.851514	1.698493	0
ENSG00000197421	GGT3P	0	0	0	0	0	3.618007
ENSG00000197549	PRAMENP	0	0	0	0	0	0
ENSG00000198062	POTEH	0	0	5.093342	19.649227	22.011816	30.299402
ENSG00000198089	SFI1	486.048064	489.787039	533.643203	312.722305	349.719988	346.524945
ENSG00000198125	MB	0	20.670304	0	45.036111	54.395245	76.531341
ENSG00000198355	PIM3	188.817081	209.020888	205.181643	305.702808	312.489027	266.46865
ENSG00000198445	CCT8L2	0	0	0	2.293196	0	0
ENSG00000198792	TMEM184B	664.17599	693.56922	671.359245	242.147372	281.421194	263.814437
ENSG00000198832	SELM	1317.183069	1150.850968	1208.849329	180.838519	212.292274	141.498938
ENSG00000198911	SREBF2	1154.757142	1155.419954	1133.723889	575.862555	633.124761	735.643762
ENSG00000198951	NAGA	87.077418	77.058547	140.28976	231.021783	235.92415	265.584882
ENSG00000199248	RNU6-28P	0	0	0	0	0	0
ENSG00000199515	Y_RNA	0	0	0	0	0	0
ENSG00000199695	RNU6-1128P	0	0	0	0	0	0
ENSG00000199783	SNORD56	0	0	0	0	0	0
ENSG00000199797	Y_RNA	0	0	0	0	0	0
ENSG00000199865	RNU6-495P	0	0	0	0	0	0
ENSG00000200057	RN7SKP63	0	0	0	0	0	0
ENSG00000200332	Y_RNA	0	0	0	0	0	0
ENSG00000200443	RNU6-1066P	0	0	0	0	0	0
ENSG00000200448	Y_RNA	0	0	0	0	0	0
ENSG00000200683	RNU6-379P	0	0	0	0	0	0
ENSG00000200871	RNU6-810P	0	0	0	0	0	0
ENSG00000200976	Y_RNA	0	0	0	0	0	0
ENSG00000200985	RNA5SP493	0	0	0	0	0	0
ENSG00000201078	RN7SKP214	0	0	0	0	0	0
ENSG00000201209	SNORD42	0	0	0	0	0	0
ENSG00000201916	Y_RNA	0	0	0	0	0	0
ENSG00000202019	Y_RNA	0	0	0	0	0	0
ENSG00000202058	RN7SKP80	22529.905794	20216.486773	16382.860806	9759.373696	22018.534304	16350.647474
ENSG00000203280	CTA-221G9.12	0	9.854763	11.042652	0	0	0
ENSG00000203416	FAM32BP	0	46.858113	0	0	0	0
ENSG00000203527	Z99756.1	0	0	0	0	0	0
ENSG00000203618	GP1BB	0	0	258.334409	55.464648	0	99.750457
ENSG00000205559	CHKB-AS1	69.787726	19.000056	0	0	0	0
ENSG00000205560	CPT1B	253.725948	211.63522	326.787982	279.087535	312.613017	297.880287
ENSG00000205593	DENND6B	221.207013	218.988408	150.547863	56.071837	21.630283	28.866507
ENSG00000205632	LINC01310	12.264337	12.107303	11.27896	0	5.030557	1.385563
ENSG00000205634	LINC00898	7.046806	5.797357	2.160233	7.268019	3.21167	1.326904
ENSG00000205643	CDPF1	83.729357	126.295021	68.419737	66.342188	50.834185	106.210162
ENSG00000205702	CYP2D7	26.072783	31.343701	29.11422	3.647364	16.222576	40.028281
ENSG00000205704	LINC00634	169.155088	75.257921	129.578455	0	4.813875	0
ENSG00000205853	RFPL3S	19.963952	20.685178	33.206491	0	6.813691	41.032498
ENSG00000205856	C22orf42	0	13.00434	0	0	0	0
ENSG00000206028	CTA-373H7.7	0	0	0	0	0	2.180547
ENSG00000206066	IGLL3P	0	0	0	0	0	0
ENSG00000206069	TMEM211	0	0	0	0	0	0
ENSG00000206090	AP000350.7	0	0	0	0	0	0
ENSG00000206140	TMEM191C	19.237137	25.154876	50.519095	0	24.875859	25.298929
ENSG00000206142	KB-1183D5.13	3.097908	0	0	0	0	0
ENSG00000206145	P2RX6P	95.78982	52.008457	29.280937	0	21.699552	17.848512
ENSG00000206195	DUXAP8	59.695654	28.472539	28.296802	428.397617	704.824862	507.964477
ENSG00000206203	TSSK2	0	0	0	0	0	3.236044
ENSG00000206615	RNU6-338P	0	0	0	0	0	0
ENSG00000206739	Y_RNA	0	0	0	0	0	0
ENSG00000206813	Y_RNA	0	0	0	0	0	0
ENSG00000206841	RNU6-409P	0	0	0	0	0	0
ENSG00000207227	RNU6-900P	0	0	0	0	0	0
ENSG00000207343	RNU6-225P	0	0	0	0	0	0
ENSG00000207455	RNU6-331P	0	0	0	0	0	0
ENSG00000207457	RNU6-476P	0	0	0	0	0	0
ENSG00000207575	MIR649	0	0	0	0	0	0
ENSG00000207696	MIR659	0	0	0	0	0	0
ENSG00000207751	MIR130B	0	0	0	0	7.301563	13.615789
ENSG00000207780	MIR648	0	0	0	0	0	0
ENSG00000207932	MIR33A	0	0	0	0	0	0
ENSG00000208023	MIR185	0	0	0	0	0	0
ENSG00000209480	SNORD83B	0	0	0	0	0	0
ENSG00000209482	SNORD83A	0	0	0	0	0	0
ENSG00000211637	IGLV4-69	0	0	0	0	0	0
ENSG00000211638	IGLV8-61	0	0	0	0	0	0
ENSG00000211639	IGLV4-60	0	0	0	0	0	0
ENSG00000211640	IGLV6-57	0	0	0	9.776993	0	0
ENSG00000211641	IGLV11-55	0	0	0	0	0	0
ENSG00000211642	IGLV10-54	0	0	0	0	0	0
ENSG00000211643	IGLV5-52	0	143.618326	0	0	0	42.390136
ENSG00000211644	IGLV1-51	41.484694	33.677915	0	0	28.138157	0
ENSG00000211645	IGLV1-50	0	0	0	0	0	0
ENSG00000211647	IGLV5-48	0	0	0	0	0	0
ENSG00000211648	IGLV1-47	0	0	0	0	0	0
ENSG00000211649	IGLV7-46	0	0	0	0	0	0
ENSG00000211650	IGLV5-45	0	0	0	0	0	0
ENSG00000211651	IGLV1-44	0	0	0	0	0	0
ENSG00000211652	IGLV7-43	0	0	0	0	0	0
ENSG00000211653	IGLV1-40	0	0	0	0	0	0
ENSG00000211654	IGLV5-37	0	0	0	0	0	0
ENSG00000211655	IGLV1-36	0	0	0	0	0	0
ENSG00000211656	IGLV2-33	0	0	0	0	0	0
ENSG00000211657	IGLV3-32	0	0	0	0	0	0
ENSG00000211658	IGLV3-27	0	0	0	0	0	0
ENSG00000211659	IGLV3-25	0	0	0	0	0	0
ENSG00000211660	IGLV2-23	0	0	0	0	0	0
ENSG00000211661	IGLV3-22	0	0	0	0	0	0
ENSG00000211662	IGLV3-21	0	0	0	0	0	0
ENSG00000211663	IGLV3-19	0	0	0	0	0	0
ENSG00000211664	IGLV2-18	0	0	0	0	0	0
ENSG00000211665	IGLV3-16	0	0	0	0	0	0
ENSG00000211666	IGLV2-14	0	0	0	3748.602849	4379.734117	4537.103297
ENSG00000211667	IGLV3-12	0	0	0	0	0	0
ENSG00000211668	IGLV2-11	0	0	0	0	0	0
ENSG00000211669	IGLV3-10	0	0	0	0	0	0
ENSG00000211670	IGLV3-9	0	0	0	0	22.223245	0
ENSG00000211672	IGLV4-3	0	0	0	0	0	0
ENSG00000211673	IGLV3-1	0	0	0	0	0	0
ENSG00000211674	IGLJ1	0	0	0	0	0	0
ENSG00000211675	IGLC1	32.819499	0	0	0	0	0
ENSG00000211676	IGLJ2	0	0	0	0	0	0
ENSG00000211677	IGLC2	0	0	0	55096.569964	49027.543057	48799.682799
ENSG00000211678	IGLJ3	0	0	0	0	0	0
ENSG00000211679	IGLC3	0	0	0	5443.009523	4612.223189	5352.338476
ENSG00000211680	IGLJ4	0	0	0	0	0	0
ENSG00000211681	IGLJ5	0	0	0	0	0	0
ENSG00000211682	IGLJ6	0	0	0	0	0	0
ENSG00000211683	KB-1572G7.3	0	16.916811	0	4.923708	7.036844	6.141662
ENSG00000211684	IGLJ7	0	0	0	0	0	0
ENSG00000211685	IGLC7	0	0	0	133.319576	71.604248	78.49338
ENSG00000212102	MIR301B	0	0	0	0	0	0
ENSG00000212216	RNU6-816P	0	0	0	0	0	0
ENSG00000212542	RNA5SP496	0	0	0	0	0	0
ENSG00000212569	Y_RNA	0	0	0	0	0	0
ENSG00000212939	RP1-29C18.10	0	0	0	0	0	0
ENSG00000213279	RP1-29C18.9	0	0	0	9.800628	2.919295	7.234436
ENSG00000213683	AC002056.3	0	0	0	0	0	0
ENSG00000213707	HMGB1P10	24.157006	39.449044	44.336064	101.874628	164.420229	81.238388
ENSG00000213727	LA16c-60G3.7	0	0	0	0	0	0
ENSG00000213752	CTA-268H5.9	0	0	0	0	0	0
ENSG00000213790	OLA1P1	0	0	0	0	0	0
ENSG00000213857	RP11-12M9.4	0	0	0	0	0	0
ENSG00000213888	LINC01521	58.564505	56.88239	68.528674	14.673677	32.738231	12.017255
ENSG00000213923	CSNK1E	1289.718141	1039.927063	991.360121	1506.923816	1205.303883	1255.11598
ENSG00000214076	CPSF1P1	105.975731	88.13606	100.661986	7.281665	9.055659	14.964696
ENSG00000214093	RP11-247I13.3	0	0	0	15.693228	0	18.531354
ENSG00000214125	RP3-412A9.15	0	0	0	0	0	0
ENSG00000214161	SDC4P	0	0	0	0	0	0
ENSG00000214491	SEC14L6	8.782719	69.896356	14.071784	2.682852	32.501036	8.267148
ENSG00000214526	AP000343.1	0	0	0	0	0	0
ENSG00000214727	RPL5P35	0	0	0	0	9.993018	0
ENSG00000215012	C22orf29	121.696212	150.612073	132.909816	141.721072	147.074073	140.050084
ENSG00000215193	PEX26	379.650881	293.803806	306.414928	185.301516	148.242115	207.445386
ENSG00000215268	LA16c-60G3.8	0	0	0	0	6.171184	0
ENSG00000215270	LA16c-60H5.7	0	0	0	0	0	0
ENSG00000215333	KRT18P23	0	0	0	0	5.796551	0
ENSG00000215347	SLC25A5P1	0	0	0	0	0	0
ENSG00000215403	LL22NC01-81G9.3	0	0	0	0	0	0
ENSG00000215456	BCRP4	0	0	0	0	0	0
ENSG00000215464	AP000354.2	0	0	0	0	0	0
ENSG00000215478	CES5AP1	0	60.844478	0	0	0	0
ENSG00000215481	BCRP3	37.627969	9.398671	42.761549	34.333901	25.745911	49.07593
ENSG00000215493	XXbac-B562F10.11	0	0	0	0	0	0
ENSG00000215498	FAM230B	0	0	29.480082	29.81662	26.885004	0
ENSG00000215544	BCRP7	0	0	0	0	0	0
ENSG00000215568	GAB4	0	0	0	0	0	0
ENSG00000215771	LRRC37A14P	0	26.537841	0	0	0	0
ENSG00000217261	POM121L4P	0	0	0	0	0	0
ENSG00000217442	SYCE3	0	0	31.402229	0	0	0
ENSG00000218357	LL22NC03-75H12.2	0	0	0	0	0	0
ENSG00000218537	MIF-AS1	7.232022	0	6.647845	9.986062	14.817877	12.23451
ENSG00000219438	FAM19A5	803.203029	623.983738	624.679185	62.77986	56.385897	44.684909
ENSG00000220248	ZNF402P	0	0	0	1.475692	0	0
ENSG00000220702	RP1-32I10.10	0	0	0	0	0	0
ENSG00000220891	LL22NC03-63E9.3	0	0	0	1.470148	2.192453	0
ENSG00000221039	MIR1286	0	0	0	0	0	0
ENSG00000221598	MIR1249	0	0	0	0	0	0
ENSG00000221760	MIR548J	0	0	0	0	0	0
ENSG00000221890	NPTXR	641.591963	609.497587	602.446009	52.263501	67.754107	46.501264
ENSG00000221963	APOL6	59.682192	42.106141	48.795689	142.082621	121.790629	133.854164
ENSG00000222037	IGLC6	0	0	0	0	0	0
ENSG00000222044	RP5-1039K5.16	0	0	0	0	14.583134	0
ENSG00000222352	RN7SKP221	0	0	0	0	0	0
ENSG00000222585	RNA5SP494	0	0	0	0	0	0
ENSG00000222630	RN7SKP131	0	0	0	0	0	0
ENSG00000222698	Y_RNA	0	0	0	0	0	0
ENSG00000222915	RNU6-564P	0	0	0	0	0	0
ENSG00000223056	RN7SKP169	0	0	0	0	51.354615	0
ENSG00000223142	RN7SKP252	0	0	0	0	0	0
ENSG00000223350	IGLV9-49	0	0	0	0	0	0
ENSG00000223461	AC004471.9	0	0	0	0	0	0
ENSG00000223553	SMPD4P1	9.740173	8.006215	4.477737	2.236024	3.081167	2.748597
ENSG00000223679	AP000362.1	0	0	0	0	0	0
ENSG00000223695	RP4-633O19__A.1	0	0	0	0	0	0
ENSG00000223704	LINC01422	3.21091	3.963404	7.382939	2.203839	3.293168	0.907158
ENSG00000223726	CTA-929C8.7	0	0	0	0	0	0
ENSG00000223730	RP1-127B20.4	0	0	0	0	0	0
ENSG00000223831	RP1-56J10.8	0	0	0	0	0	0
ENSG00000223843	EFCAB6-AS1	3.795308	3.120817	0	0	2.593886	0
ENSG00000223875	NBEAP3	0	0	0	3.285501	9.751554	4.025788
ENSG00000223999	LL22NC03-102D1.18	0	0	0	0	0	0
ENSG00000224003	YES1P1	12.953153	26.603326	17.861589	23.828962	13.272032	10.959488
ENSG00000224027	RP1-231P7P.1	0	0	0	0	0	0
ENSG00000224050	RP1-90G24.6	0	0	0	0	0	0
ENSG00000224086	LL22NC03-86G7.1	3.251531	5.353894	2.760863	0.685715	2.052761	0.989782
ENSG00000224124	POM121L10P	0	0	0	3.90545	0	0
ENSG00000224144	ASH2LP1	0	0	0	0	0	0
ENSG00000224192	RP11-259P1.1	0	0	0	0	0	0
ENSG00000224205	AP000351.4	0	0	0	0	0	0
ENSG00000224256	CTA-292E10.7	0	0	0	0	0	0
ENSG00000224271	RP11-191L9.4	20.088988	23.579805	75.178295	42.221506	82.937633	45.485506
ENSG00000224277	AP000345.2	0	0	0	0	0	0
ENSG00000224279	RP1-199H16.6	0	0	0	0	0	0
ENSG00000224334	AP000357.4	0	0	0	0	6.484664	0
ENSG00000224404	LL22NC03-13G6.2	0	0	49.95689	0	0	0
ENSG00000224435	NF1P6	0	0	0	2.935962	0	0
ENSG00000224465	SOCS2P2	0	0	0	0	0	0
ENSG00000224688	E2F6P2	0	0	0	0	0	0
ENSG00000224715	CITF22-49D8.1	0	1.849982	0	0	1.537282	0
ENSG00000224794	RP3-333H23.8	0	0	0	0	0	0
ENSG00000224806	ARL5AP4	0	0	0	0	0	0
ENSG00000224856	RP4-796I17.5	0	0	0	0	0	0
ENSG00000224883	CTA-250D10.19	0	0	0	0	0	0
ENSG00000224973	LARGE-AS1	0	0	0	0	7.210007	0
ENSG00000225007	AC000067.1	0	0	0	0	0	0
ENSG00000225098	BCRP1	0	0	0	0	0	0
ENSG00000225225	ARL2BPP10	0	0	0	0	0	0
ENSG00000225255	LINC01297	0	0	0	19.509679	0	0
ENSG00000225282	AP000350.6	0	0	0	0	0	3.343673
ENSG00000225293	ABCD1P4	0	0	0	0	0	0
ENSG00000225335	XXbac-B476C20.9	12.350532	17.285916	25.047985	2.83915	8.436893	6.967167
ENSG00000225413	AP000345.4	0	0	0	0	0	0
ENSG00000225450	RP3-508I15.14	0	0	0	0	0	0
ENSG00000225465	RFPL1S	306.616148	232.783886	269.253192	4.515553	17.278125	0.929309
ENSG00000225480	AC006548.19	0	0	0	0	0	0
ENSG00000225528	RP3-370M22.8	0	0	0	26.450334	0	32.361675
ENSG00000225544	KB-1027C11.4	0	34.865793	39.354864	20.548509	0	23.92265
ENSG00000225557	MTCO3P20	0	0	0	0	0	0
ENSG00000225676	RP3-438O4.4	0	0	0	0	0	0
ENSG00000225720	RP4-742C19.12	0	0	0	0	0	0
ENSG00000225724	LL22NC03-80A10.11	0	0	0	0	0	0
ENSG00000225741	LL22NC03-88E1.17	0	0	0	0	0	0
ENSG00000225774	SIRPAP1	0	0	0	0	0	0
ENSG00000225783	MIAT	978.37607	728.977371	787.140188	28.342095	32.143716	35.274837
ENSG00000225867	RP5-1177I5.3	28.983948	0	0	0	0	0
ENSG00000225929	AC000036.4	0	4.170946	0	0	3.467346	0
ENSG00000225971	CTA-85E5.6	0	0	0	0	0	0
ENSG00000226024	COX5BP7	0	0	0	0	0	0
ENSG00000226085	UQCRFS1P1	14.563244	59.65303	80.261699	27.019554	79.451445	32.762568
ENSG00000226142	RPL35P8	0	0	0	0	0	0
ENSG00000226160	LA16c-17H1.3	0	0	0	0	0	0
ENSG00000226169	RP11-375H17.1	0	0	0	0	0	0
ENSG00000226233	RP1-151B14.9	0	0	0	0	0	0
ENSG00000226287	TMEM191A	147.922593	131.615591	64.626478	0	0	93.783877
ENSG00000226328	NUP50-AS1	148.221509	97.687264	113.824767	70.488307	77.823275	95.665119
ENSG00000226336	MRPS16P3	0	0	0	0	0	0
ENSG00000226420	IGLV3-4	0	0	0	0	0	0
ENSG00000226444	ACTR3BP6	0	0	0	0	0	0
ENSG00000226450	CYP2D8P	0	0	0	6.586082	9.773734	4.034934
ENSG00000226471	CTA-292E10.6	27.464549	110.602645	0	65.01812	112.087576	124.017498
ENSG00000226474	LA16c-2F2.5	0	0	0	0	0	0
ENSG00000226477	LL22NC03-84E4.11	0	0	0	0	0	0
ENSG00000226534	KB-1183D5.16	0	0	0	0	0	0
ENSG00000226573	CTA-85E5.7	0	0	0	0	0	0
ENSG00000226595	KB-288A10.19	0	0	0	0	0	0
ENSG00000226738	CTA-384D8.31	0	0	0	0	0	0
ENSG00000226741	CTA-929C8.6	0	0	0	0	1.320595	0
ENSG00000226772	CTA-747E2.10	0	0	0	0	0	0
ENSG00000226872	AC002472.11	0	0	22.168032	0	0	0
ENSG00000226885	E2F6P3	0	0	0	0	0	0
ENSG00000226912	ISCA2P1	0	0	0	0	0	0
ENSG00000226954	RP5-983L19.2	0	0	0	0	0	0
ENSG00000226989	AL049758.2	0	34.115641	0	0	0	0
ENSG00000227009	FUNDC2P4	0	0	0	0	0	0
ENSG00000227117	HORMAD2-AS1	12.925407	10.594824	0	0	0	0
ENSG00000227188	MGAT3-AS1	0	0	0	0	0	0
ENSG00000227201	CNN2P1	0	0	0	0	8.628572	0
ENSG00000227367	SLC9B1P4	0	0	0	0	0	0
ENSG00000227370	RP4-669P10.19	0	0	0	0	0	55.788093
ENSG00000227413	RP5-1042K10.12	0	0	0	0	0	0
ENSG00000227484	XX-C283C717.1	0	21.471048	0	12.359292	0	0
ENSG00000227519	CTA-342B11.1	0	0	0	0	0	0
ENSG00000227710	LL22NC03-30E12.13	0	0	0	0	0	0
ENSG00000227755	AP000344.4	0	18.635017	0	10.673906	0	0
ENSG00000227813	RP1-180M12.1	0	0	0	0	0	0
ENSG00000227838	RP1-213J1P__B.1	0	0	0	13.531008	0	0
ENSG00000227880	RP11-46E17.6	0	0	0	0	0	0
ENSG00000227895	ISX-AS1	0	0	0	0	0	0
ENSG00000228039	KB-1125A3.10	0	0	0	0	0	0
ENSG00000228045	DNAJA1P6	0	0	0	0	0	0
ENSG00000228050	TOP3BP1	0	0	0	4.40583	0	11.457835
ENSG00000228122	MTND1P17	0	0	0	0	0	0
ENSG00000228161	LL22NC03-23C6.15	0	0	0	0	0	0
ENSG00000228194	CTA-415G2.2	0	0	0	0	0	0
ENSG00000228274	RP3-508I15.9	88.950684	39.672557	60.981057	29.560822	49.281766	31.587968
ENSG00000228315	GUSBP11	243.290845	181.479563	256.745497	77.406493	44.494244	42.541136
ENSG00000228587	RP1-41P2.7	0	0	0	0	0	0
ENSG00000228599	RPL7P52	0	0	0	0	0	0
ENSG00000228620	RP3-434P1.6	0	0	0	0	0	0
ENSG00000228622	RP1-302D9.1	0	0	0	0	0	0
ENSG00000228719	RP5-1119A7.14	0	0	129.534436	0	0	0
ENSG00000228807	MRPS18CP6	0	0	0	0	0	0
ENSG00000228839	PIK3IP1-AS1	0	30.743614	0	0	0	0
ENSG00000228923	AP000355.2	0	0	0	0	20.856986	0
ENSG00000229027	HSFY1P1	0	0	0	0	0	0
ENSG00000229088	MTND1P10	0	0	0	0	9.751142	0
ENSG00000229107	ABHD17AP4	12.802495	10.49452	35.285076	0	8.733794	21.614752
ENSG00000229169	RP11-247I13.6	0	0	0	0	0	0
ENSG00000229266	POM121L8P	0	0	0	0	0	0
ENSG00000229275	LL22NC03-121E8.3	0	0	0	0	0	0
ENSG00000229286	LA16c-4G1.4	0	0	0	0	0	0
ENSG00000229409	RP11-494O16.3	0	0	0	0	0	0
ENSG00000229492	AC004019.10	0	24.188687	0	0	0	5.535689
ENSG00000229598	PRDX3P1	0	0	0	0	0	0
ENSG00000229608	GOLGA2P4	0	0	0	0	0	0
ENSG00000229658	PABPC1P9	0	0	0	0	4.473132	0
ENSG00000229673	LL22NC01-116C6.1	0	0	0	0	0	0
ENSG00000229770	CTA-796E4.4	50.785474	0	0	0	0	0
ENSG00000229891	LINC01315	0	38.137332	77.783344	14.726918	19.914791	5.478768
ENSG00000229955	RP1-5O6.4	0	0	0	12.014375	17.419565	0
ENSG00000229971	RP5-1119A7.10	0	0	0	0	0	0
ENSG00000229999	RP5-1042K10.10	0	0	0	0	0	0
ENSG00000230051	CTA-929C8.8	0	19.331402	0	0	0	0
ENSG00000230071	RPL4P6	8.331732	13.680709	0	26.874927	22.756458	46.964452
ENSG00000230107	CTA-126B4.7	0	0	0	0	16.073032	0
ENSG00000230120	RP1-90G24.8	0	0	0	0	0	0
ENSG00000230137	RP4-539M6.18	0	0	0	0	0	0
ENSG00000230149	RP3-508I15.19	0	0	0	50.011472	36.208205	0
ENSG00000230194	AC000081.2	0	0	66.360774	0	49.190063	0
ENSG00000230203	CTB-1048E9.7	0	0	0	0	0	0
ENSG00000230319	AL022476.2	0	4.055412	0	0	3.371233	0
ENSG00000230345	RP13-455A7.1	0	0	0	0	0	0
ENSG00000230471	LA16c-2F2.8	0	0	0	0	4.134565	0
ENSG00000230481	IGKV1OR22-5	0	0	0	0	0	0
ENSG00000230485	AC000077.2	0	0	0	0	0	0
ENSG00000230513	THAP7-AS1	24.365782	10.009868	15.89134	19.924909	0	13.745609
ENSG00000230634	RP5-996D20.3	0	0	0	0	0	0
ENSG00000230637	CTA-246H3.8	0	0	0	0	0	0
ENSG00000230643	LA16c-60G3.5	0	0	0	0	0	0
ENSG00000230701	FBXW4P1	9.122609	11.249082	12.581875	16.74861	15.584625	25.746116
ENSG00000230712	GGTLC4P	0	0	0	0	0	0
ENSG00000230736	RP1-149A16.3	0	0	0	0	0	0
ENSG00000230741	SC22CB-1D7.1	0	0	0	0	0	0
ENSG00000230769	RP3-408N23.4	29.621653	24.143284	81.510648	55.850777	20.140138	0
ENSG00000230821	KB-288A10.17	0	0	0	0	4.35526	0
ENSG00000230866	CTA-342B11.2	0	0	0	0	0	0
ENSG00000230912	RP3-508I15.10	0	0	0	0	26.96315	0
ENSG00000230922	RP4-753M9.1	6.454398	21.209943	0	5.936703	4.408881	3.640682
ENSG00000230947	AP000356.2	0	0	0	0	0	0
ENSG00000231004	CECR9	0	0	0	0	0	0
ENSG00000231010	RP6-109B7.2	0	0	0	0	0	0
ENSG00000231086	TSSK1A	0	0	0	0	10.79643	8.902248
ENSG00000231253	RP1-302D9.2	0	0	0	0	0	0
ENSG00000231261	HMGN2P10	0	0	0	0	0	0
ENSG00000231271	AP000350.8	0	0	0	0	0	0
ENSG00000231369	RP1-40G4P.1	0	0	0	0	0	0
ENSG00000231392	LL22NC03-24A12.8	0	0	0	0	0	0
ENSG00000231405	CTA-992D9.7	0	0	0	0	0	0
ENSG00000231466	CTA-246H3.11	0	0	28.513839	28.82892	10.583704	0
ENSG00000231467	RP5-1170K4.7	0	0	0	0	0	0
ENSG00000231495	RP1-213J1P__B.2	0	0	0	0	0	0
ENSG00000231565	NEK2P2	0	0	0	0	5.523367	0
ENSG00000231576	MTCO2P20	0	0	0	0	0	0
ENSG00000231711	LINC00899	38.896006	25.34877	14.648485	21.742955	10.685134	9.351205
ENSG00000231801	ANP32BP2	0	0	0	0	0	0
ENSG00000231907	GAPDHP37	0	9.718986	0	0	8.08728	0
ENSG00000231933	CTA-125H2.2	0	0	0	0	19.471715	0
ENSG00000231993	EP300-AS1	0	0	0	0	0	0
ENSG00000232050	CTA-125H2.3	0	0	0	0	0	0
ENSG00000232073	RP1-302D9.3	0	0	0	0	0	0
ENSG00000232081	LARGE-IT1	0	0	0	0	0	0
ENSG00000232218	RP1-149A16.16	0	0	0	0	0	0
ENSG00000232254	CSF2RBP1	0	0	0	0	0	0
ENSG00000232305	CLCP1	0	0	0	0	0	0
ENSG00000232346	SC22CB-1E7.1	0	0	0	0	0	0
ENSG00000232350	LL22NC03-102D1.16	0	0	0	0	0	0
ENSG00000232363	RP1-102D24.5	0	0	0	0	0	0
ENSG00000232396	RP1-76B20.11	0	0	0	0	0	0
ENSG00000232464	CTA-125H2.1	0	0	0	0	0	0
ENSG00000232515	LL22NC03-75A1.9	0	0	0	0	0	0
ENSG00000232530	RP1-102K2.6	0	0	0	0	0	0
ENSG00000232545	KB-318B8.7	0	19.978446	22.455135	34.410591	16.654433	0
ENSG00000232564	RP4-591N18.2	0	0	0	0	0	3.023064
ENSG00000232603	LL22NC03-22A12.12	0	0	0	0	0	0
ENSG00000232655	CTA-397C4.2	0	0	0	0	0	0
ENSG00000232707	AP1B1P2	0	0	0	0	0	0
ENSG00000232710	RP4-669P10.16	0	0	0	17.77755	0	0
ENSG00000232754	RP1-85F18.6	0	0	0	0	0	0
ENSG00000232771	PPP1R26P5	0	0	0	0	0	0
ENSG00000232775	BMS1P22	0	0	0	0	0	0
ENSG00000232897	RP11-191L9.5	0	0	0	0	0	0
ENSG00000232926	AC000078.5	0	0	16.996141	17.243504	12.613318	0
ENSG00000233010	RPEP4	21.961548	71.781841	0	20.533256	0	36.956626
ENSG00000233080	LINC01399	0	0	0	18.503435	27.024631	11.134675
ENSG00000233157	RP3-388M5.8	17.480627	0	16.052023	0	0	9.821149
ENSG00000233179	RP11-536P6.3	0	0	0	0	0	0
ENSG00000233360	Z83844.1	0	0	0	7.328512	0	0
ENSG00000233388	RP4-569D19.5	0	0	0	8.36844	0	10.269468
ENSG00000233408	LA16c-23H5.4	0	0	0	0	5.739774	0
ENSG00000233471	KRT18P62	0	0	0	0	0	0
ENSG00000233521	RP5-1172A22.1	24.857904	0	0	18.951433	16.916684	25.325739
ENSG00000233574	CTA-929C8.5	0	0	0	0	0	0
ENSG00000233577	RP3-462D8.2	0	0	0	0	0	0
ENSG00000233603	JTBP1	0	0	0	0	0	0
ENSG00000233632	RP1-302D9.5	0	0	0	0	0	0
ENSG00000233720	LL22NC03-30E12.11	0	0	0	0	0	0
ENSG00000233733	H2AFZP6	0	0	0	0	0	0
ENSG00000233739	RP5-1039K5.13	0	0	0	0	0	0
ENSG00000233764	MTCO1P20	0	0	0	0	0	0
ENSG00000233866	LA16c-4G1.3	0	0	0	0	0	0
ENSG00000233903	Z83851.4	0	0	0	35.645217	17.233277	42.566195
ENSG00000233995	KB-67B5.12	0	0	0	0	0	0
ENSG00000234009	RPL5P34	0	0	0	0	0	7.38466
ENSG00000234121	GPM6BP3	0	0	0	0	0	0
ENSG00000234208	CTA-256D12.11	0	0	0	0	0	0
ENSG00000234300	LINC00229	0	0	0	0	0	0
ENSG00000234353	AP000347.4	0	15.173022	0	7.311378	53.755407	20.707732
ENSG00000234381	MED15P7	0	0	0	0	0	0
ENSG00000234409	CCDC188	0	16.927599	0	3.331263	0	0
ENSG00000234479	AP1B1P1	0	0	0	0	0	0
ENSG00000234503	KB-1592A4.14	0	0	0	0	0	0
ENSG00000234626	RP1-149A16.12	0	0	0	0	0	0
ENSG00000234630	LL22NC03-2H8.4	0	0	0	0	0	0
ENSG00000234688	RP1-293L6.1	61.579617	0	75.37316	0	0	0
ENSG00000234726	LL22NC03-123E1.5	0	0	0	0	0	0
ENSG00000234735	AL022237.3	0	0	0	0	0	0
ENSG00000234764	E2F6P1	0	0	0	22.967454	0	0
ENSG00000234869	RP3-439F8.1	0	0	0	0	13.921839	1.916953
ENSG00000234884	CTA-407F11.8	0	0	0	0	24.31832	0
ENSG00000234891	RP1-288L1.5	0	12.967378	0	0	0	0
ENSG00000234892	Z82214.2	0	0	0	0	0	0
ENSG00000234913	XXbac-B476C20.13	4.061947	30.057868	11.205	0	5.551943	4.586326
ENSG00000234928	AP000344.3	0	0	0	0	8.640138	0
ENSG00000234965	SHISA8	168.272746	144.465535	56.245069	0	0	12.937575
ENSG00000234979	CITF22-24E5.1	25.056174	0	0	0	0	0
ENSG00000235062	BCRP5	0	0	0	0	0	0
ENSG00000235091	WI2-85898F10.1	0	0	0	0	0	0
ENSG00000235111	RP1-29C18.8	3.363242	0	3.092746	21.584527	25.286708	13.294316
ENSG00000235154	CTA-280A3__B.2	0	0	0	0	0	0
ENSG00000235159	RP6-109B7.4	13.577148	11.12655	12.472405	12.581917	0	7.638747
ENSG00000235209	CTA-150C2.13	0	0	0	0	0	0
ENSG00000235237	RP1-151B14.6	0	0	0	0	0	0
ENSG00000235246	RP1-5O6.5	0	0	0	0	0	0
ENSG00000235271	LINC01422	0	0	0	0	0	0
ENSG00000235295	FLJ41941	0	0	0	0	0	0
ENSG00000235328	AC006946.12	0	0	0	0	0	0
ENSG00000235343	AC005301.8	0	0	0	0	0	0
ENSG00000235347	RP1-37M3.8	0	0	0	0	0	0
ENSG00000235445	XXbac-B476C20.14	0	161.456028	91.145355	23.970485	0	27.681489
ENSG00000235478	AC006946.15	18.808496	23.154132	8.642763	0	0	0
ENSG00000235485	RP1-101G11.2	0	0	0	0	0	0
ENSG00000235513	RP4-756G23.5	31.72165	19.978387	18.618848	7.20723	2.767628	4.57255
ENSG00000235568	NFAM1	8.679319	7.141922	17.561593	6.35514	10.681723	8.82719
ENSG00000235573	RP3-412A9.12	0	0	0	0	0	0
ENSG00000235578	XXbac-B33L19.4	0	0	0	16.348521	0	0
ENSG00000235617	XXbac-B476C20.10	0	0	0	0	0	0
ENSG00000235647	RP1-172B20.6	0	0	0	0	0	0
ENSG00000235689	AP000351.13	0	0	0	0	0	0
ENSG00000235759	ARHGAP42P3	0	0	0	0	5.516308	0
ENSG00000235776	AC000089.3	0	0	0	0	0	8.437065
ENSG00000235786	ZNRF3-IT1	18.806176	0	0	8.762135	0	21.121728
ENSG00000235954	TTC28-AS1	264.514904	290.210311	386.090135	248.492523	333.01494	204.466595
ENSG00000235969	CHEK2P4	0	0	0	0	0	0
ENSG00000235989	MORC2-AS1	0	12.512838	0	0	0	0
ENSG00000235992	GRAMD4P2	0	0	0	0	0	0
ENSG00000236003	AC007050.17	0	0	0	0	0	0
ENSG00000236052	LL22NC03-86D4.1	0	0	0	0	0	0
ENSG00000236054	LL22NC03-104C7.1	0	0	0	0	22.534006	18.531354
ENSG00000236079	RP1-32I10.11	0	0	0	0	0	0
ENSG00000236097	BNIP3P2	0	0	0	0	0	0
ENSG00000236117	RP4-754E20__A.5	0	0	0	0	8.263534	0
ENSG00000236118	LL22NC03-30E12.10	0	0	0	0	0	0
ENSG00000236132	CTA-440B3.1	0	0	0	0	0	0
ENSG00000236235	LA16c-13E4.3	0	0	0	0	0	0
ENSG00000236272	Z82214.3	0	0	0	0	0	0
ENSG00000236323	BMP6P1	0	0	0	0	0	0
ENSG00000236325	AC005300.5	0	0	0	0	0	0
ENSG00000236464	CTA-796E4.3	0	0	0	0	0	0
ENSG00000236499	LINC00896	0	11.886676	0	6.639106	3.293714	10.882116
ENSG00000236540	AC006547.13	0	0	0	0	0	0
ENSG00000236611	AP000343.2	0	0	0	0	0	0
ENSG00000236641	CTA-221G9.7	0	0	0	0	0	0
ENSG00000236666	POTEH-AS1	0	0	0	0	2.69136	0
ENSG00000236670	KRT18P5	33.714409	20.758963	23.240578	34.95877	5.755148	52.259721
ENSG00000236754	AC004019.13	11.319543	0	0	2.600742	7.733402	0
ENSG00000236794	BCRP8	0	0	0	0	0	0
ENSG00000236831	YME1L1P1	0	0	0	0	0	0
ENSG00000236850	BMS1P20	85.831373	71.00427	92.664735	81.35219	54.485667	44.523389
ENSG00000236858	CTA-992D9.6	4.264114	0	0	0	0	0
ENSG00000236867	RP3-522J7.5	0	0	0	0	0	0
ENSG00000236890	XXbac-B476C20.11	0	0	0	0	0	0
ENSG00000237015	CTA-984G1.5	0	0	0	0	0	0
ENSG00000237037	NDUFA6-AS1	227.365715	295.169487	261.503128	47.910836	41.875829	34.565051
ENSG00000237127	LL22NC03-84E4.8	0	0	0	0	0	0
ENSG00000237129	MTCYBP34	0	0	0	0	0	0
ENSG00000237214	RP11-12M9.3	0	0	0	0	0	0
ENSG00000237299	LA16c-60G3.6	0	0	0	0	0	0
ENSG00000237316	RP1-288L1.4	0	0	0	0	0	0
ENSG00000237347	AC004461.4	0	0	0	0	0	0
ENSG00000237358	AC007064.25	0	0	0	0	0	0
ENSG00000237387	CTA-407F11.7	0	0	0	0	0	0
ENSG00000237406	NDUFA9P1	29.385681	24.113518	0	18.082383	20.059398	16.555467
ENSG00000237407	KB-1183D5.14	0	0	0	0	0	0
ENSG00000237428	LL22NC03-22A12.9	0	0	0	0	0	0
ENSG00000237438	CECR7	111.566086	66.84264	116.421614	43.58825	50.584466	88.645469
ENSG00000237439	RP1-127L4.10	0	0	0	0	0	0
ENSG00000237446	RHEBP3	0	0	0	0	0	0
ENSG00000237472	AP000361.2	0	0	0	0	0	0
ENSG00000237476	XXbac-B135H6.15	73.752951	0	16.929758	8.587356	62.820734	0
ENSG00000237517	DGCR5	272.861747	291.748096	247.643391	6.486808	6.056969	13.700312
ENSG00000237601	AP000358.5	0	0	0	0	0	0
ENSG00000237668	RPS15AP38	0	0	0	0	0	0
ENSG00000237689	AC007064.24	28.806759	46.971234	26.424844	13.566685	0	16.120491
ENSG00000237835	AC007064.22	0	0	0	0	0	0
ENSG00000237862	RP1-63G5.7	0	4.321951	4.834847	2.415426	3.592974	0
ENSG00000237948	MTATP6P20	0	0	0	0	16.48407	0
ENSG00000237977	EIF4HP2	24.157006	78.898088	133.008191	22.638806	49.326069	40.619194
ENSG00000238120	LINC01589	0	0	0	35.352504	0	0
ENSG00000238125	SLC9A3P2	0	0	0	0	0	0
ENSG00000238153	CTA-714B7.4	0	0	0	0	0	0
ENSG00000238192	LL22NC03-121E8.4	0	0	0	0	0	0
ENSG00000238195	CTA-503F6.2	0	0	0	0	0	0
ENSG00000238498	SNORD13P1	0	0	0	0	0	0
ENSG00000238584	RNU7-167P	0	0	0	0	0	0
ENSG00000238875	RN7SKP210	0	0	0	0	0	0
ENSG00000239127	SNORD125	0	0	0	0	0	0
ENSG00000239249	RN7SL757P	70.557917	0	0	0	0	0
ENSG00000239282	GATSL3	255.843968	197.725699	178.365439	31.930107	67.885518	43.702456
ENSG00000239435	KCNMB3P1	0	0	0	2.685362	0	1.65497
ENSG00000239446	RP1-76B20.12	0	0	0	0	0	0
ENSG00000239511	POM121L7	0	0	0	0	0	0
ENSG00000239547	RN7SL843P	0	0	0	0	0	0
ENSG00000239674	RP1-127L4.7	0	0	0	0	0	0
ENSG00000239713	APOBEC3G	66.000955	11.913098	21.641318	110.608669	97.896806	86.480335
ENSG00000239900	ADSL	398.298104	273.104772	246.766278	997.355136	993.265088	921.185281
ENSG00000239989	AC008132.14	0	0	0	0	0	0
ENSG00000240122	FABP5P11	0	0	0	0	0	0
ENSG00000240160	RN7SL263P	0	0	0	0	0	0
ENSG00000240186	RN7SL633P	0	0	0	0	0	0
ENSG00000240591	RP11-247I13.11	0	0	19.566291	13.566685	19.589275	0
ENSG00000240647	RN7SL305P	0	0	0	0	0	0
ENSG00000240972	MIF	1846.274436	2213.775304	2066.869358	5066.011117	5610.030921	5919.162616
ENSG00000241333	RN7SL385P	0	0	0	0	0	0
ENSG00000241360	PDXP	1274.971144	1404.57376	1272.91723	410.138536	328.886974	339.088843
ENSG00000241484	ARHGAP8	9.800554	10.662306	19.66003	53.438668	77.68614	59.102102
ENSG00000241527	CA15P1	0	0	0	0	8.781387	0
ENSG00000241693	RN7SL704P	0	0	0	0	0	0
ENSG00000241717	VWFP1	6.893777	5.669316	12.678556	0	2.355925	0
ENSG00000241832	CECR3	0	0	4.973536	0	3.695982	0
ENSG00000241838	LA16c-3G11.7	0	0	0	9.156571	13.541496	11.175878
ENSG00000241878	PISD	999.384107	1031.175332	1093.789501	307.858175	302.406318	241.517298
ENSG00000241954	RP1-149A16.17	0	0	0	0	0	0
ENSG00000241973	PI4KA	1887.658838	1775.944455	2167.839203	466.109217	458.231635	688.97481
ENSG00000241990	PRR34-AS1	26.768649	97.247363	24.591015	223.693849	211.549903	115.606716
ENSG00000242082	RP1-90G24.10	40.210081	115.995942	57.692463	6.209296	18.28518	0
ENSG00000242114	MTFP1	0	23.965149	39.169333	280.69161	288.667156	250.131653
ENSG00000242156	AC000041.8	0	0	0	0	0	0
ENSG00000242247	ARFGAP3	196.621453	184.79348	151.747158	378.436012	370.610696	317.255639
ENSG00000242251	RN7SL20P	0	0	0	0	0	0
ENSG00000242259	C22orf39	375.847549	351.711532	412.853131	257.428993	379.851245	341.827045
ENSG00000242876	RN7SL812P	0	0	151.497602	0	0	46.080947
ENSG00000243156	MICAL3	784.480748	848.271504	913.920999	209.036914	205.473159	315.462023
ENSG00000243453	COX7BP1	0	0	0	56.149709	0	62.550227
ENSG00000243519	IGLVIVOR22-2	0	0	0	0	0	0
ENSG00000243762	AC006547.8	0	0	24.48461	25.07857	54.465282	29.889765
ENSG00000243811	APOBEC3D	9.53749	22.745507	17.530203	43.993143	60.966223	19.014078
ENSG00000243902	ELFN2	10.488115	12.929846	14.464206	0	0	0
ENSG00000244296	RN7SL168P	0	0	0	0	0	0
ENSG00000244425	RN7SL268P	0	0	0	0	0	0
ENSG00000244486	SCARF2	21.564848	10.135298	0	77.752029	62.110278	111.451665
ENSG00000244491	RP3-508I15.18	0	0	0	0	44.44649	0
ENSG00000244509	APOBEC3C	32.887425	8.789754	19.613381	133.955373	112.016343	120.706132
ENSG00000244625	MIATNB	28.688162	59.363221	60.525588	35.509177	87.949998	36.93036
ENSG00000244627	RP3-449O17.1	154.162318	52.054372	68.559489	101.272382	201.671529	134.000937
ENSG00000244671	RN7SL280P	0	0	0	37.965286	0	0
ENSG00000244723	ASLP1	0	0	0	0	0	0
ENSG00000244752	CRYBB2	0	10.831452	0	0	18.029455	0
ENSG00000248405	PRR5-ARHGAP8	14.356384	11.9876	0	4.153226	5.859786	0
ENSG00000248409	KB-1269D1.8	0	0	0	0	0	0
ENSG00000248751	RP1-130H16.18	8.032714	43.977538	0	20.594515	26.610681	0
ENSG00000249222	ATP5L2	0	36.986039	0	13.970094	0	0
ENSG00000249263	PARP4P3	0	0	0	0	0	0
ENSG00000249288	SLC25A15P5	0	0	0	0	0	0
ENSG00000249310	APOBEC3B-AS1	0	0	0	0	0	0
ENSG00000249333	LL22NC03-23C6.12	0	0	0	0	0	0
ENSG00000249590	RP4-539M6.19	42.248967	45.691434	55.916929	0	0	125.169822
ENSG00000249680	TUBA3GP	0	0	0	0	0	0
ENSG00000249923	XXbac-B444P24.8	0	3.769732	12.649189	0	0	0
ENSG00000250261	CCDC74BP1	0	0	0	0	0	0
ENSG00000250318	CTA-963H5.5	0	0	0	10.027494	0	12.040498
ENSG00000250470	AP000351.3	0	0	0	0	0	0
ENSG00000250479	CHCHD10	1562.099825	1882.610582	1410.125297	1022.126598	1018.576404	1146.023924
ENSG00000251322	SHANK3	463.165271	463.652166	441.033162	25.550031	20.492523	25.403512
ENSG00000251357	AP000350.10	0	0	0	32.948675	0	0
ENSG00000251890	RNA5SP497	0	0	0	0	0	0
ENSG00000251913	RNU6-513P	0	0	0	0	0	0
ENSG00000251940	SNORA15	0	0	0	0	0	0
ENSG00000251952	RNU6-1219P	0	0	0	0	0	0
ENSG00000251985	RNU6-1161P	0	0	0	0	0	0
ENSG00000252020	SCARNA17	0	0	0	0	0	0
ENSG00000252143	SCARNA17	0	0	0	0	0	0
ENSG00000252225	Y_RNA	0	0	0	0	0	0
ENSG00000252267	RNA5SP495	0	0	0	0	0	0
ENSG00000252412	Y_RNA	0	0	0	0	0	0
ENSG00000252603	RNU6ATAC22P	0	0	0	0	0	0
ENSG00000252859	RNU6-375P	0	0	0	0	0	0
ENSG00000252909	RNU6-201P	0	0	0	0	0	0
ENSG00000253007	SNORA76	0	0	0	322.666861	0	0
ENSG00000253120	IGLV2-34	0	0	0	0	0	0
ENSG00000253126	IGLVI-56	0	0	0	0	0	0
ENSG00000253152	IGLV3-17	0	0	0	0	0	0
ENSG00000253234	IGLV2-5	0	0	0	0	0	0
ENSG00000253239	IGLVI-70	0	0	0	0	0	0
ENSG00000253242	IGLVIV-64	0	0	0	0	0	0
ENSG00000253329	IGLV3-30	0	0	0	0	0	0
ENSG00000253338	IGLV3-29	0	0	0	0	0	0
ENSG00000253352	TUG1	558.122248	580.888529	565.207595	783.873902	766.751294	704.245597
ENSG00000253448	IGLV3-6	0	0	0	0	0	0
ENSG00000253451	IGLV2-28	0	0	0	0	0	0
ENSG00000253460	IGKV2OR22-3	0	0	0	0	0	0
ENSG00000253481	IGKV1OR22-1	0	0	0	0	0	0
ENSG00000253546	IGLVVI-22-1	0	0	0	0	0	0
ENSG00000253590	IGLV3-13	0	0	0	0	0	0
ENSG00000253631	IGLV7-35	0	0	0	0	0	0
ENSG00000253637	IGLVV-58	0	0	0	0	0	0
ENSG00000253691	IGKV2OR22-4	0	0	0	0	0	0
ENSG00000253752	IGLVI-63	0	0	0	0	0	0
ENSG00000253779	IGLVVI-25-1	0	0	0	0	0	0
ENSG00000253786	IGLV3-15	0	0	0	0	0	0
ENSG00000253794	IGLV10-67	0	0	0	0	0	0
ENSG00000253818	IGLV1-41	0	0	0	0	0	0
ENSG00000253822	IGLV3-24	0	0	0	0	0	0
ENSG00000253823	IGLV1-62	0	0	0	0	0	0
ENSG00000253874	IGLVIV-66-1	0	0	0	0	0	0
ENSG00000253889	IGLVI-38	0	0	0	0	0	0
ENSG00000253913	IGLV3-26	0	0	0	0	0	0
ENSG00000253920	IGLV3-31	0	0	0	0	0	0
ENSG00000253935	IGLVIV-53	0	0	0	0	0	0
ENSG00000253963	IGLV3-2	0	0	0	0	0	0
ENSG00000254029	IGLC4	0	0	0	0	0	0
ENSG00000254030	IGLC5	0	0	0	0	0	0
ENSG00000254073	IGLVVII-41-1	0	0	0	0	0	0
ENSG00000254075	IGLVV-66	0	0	0	0	0	0
ENSG00000254077	IGLV3-7	0	0	0	0	0	0
ENSG00000254127	IGLCOR22-1	0	0	0	0	0	0
ENSG00000254161	IGLVIV-65	0	0	0	0	0	0
ENSG00000254175	IGLVI-42	0	0	0	0	0	0
ENSG00000254240	IGLVI-20	0	0	0	0	0	0
ENSG00000254264	IGKV3OR22-2	0	0	0	0	0	0
ENSG00000254308	IGLVIV-59	0	0	0	0	0	0
ENSG00000254355	IGLVI-68	0	0	0	0	0	0
ENSG00000254413	CHKB-CPT1B	63.942406	0	102.982946	119.528888	92.567784	100.853797
ENSG00000254499	AC002056.5	0	0	0	0	0	0
ENSG00000254709	IGLL5	0	0	0	0	0	0
ENSG00000254835	RNF185-AS1	0	0	0	0	0	0
ENSG00000255156	RNY1P9	0	0	0	0	0	0
ENSG00000258555	SPECC1L-ADORA2A	43.779449	0	53.220715	0	0	0
ENSG00000259271	ANKRD62P1	0	0	0	0	0	0
ENSG00000259421	CTA-150C2.20	0	0	0	0	0	0
ENSG00000260613	RP3-522J7.6	0	5.55293	6.214202	0	0	0
ENSG00000260708	CTA-29F11.1	37.914991	93.040809	208.867602	123.676775	154.999481	159.678934
ENSG00000260924	LINC01311	22.224772	6.084113	13.619454	34.10433	30.356868	37.595567
ENSG00000261188	CTA-445C9.14	80.868547	113.116105	55.928316	85.007259	57.329123	48.632808
ENSG00000261202	RP3-496C20.1	0	17.998321	0	0	0	8.238312
ENSG00000261251	RP3-388M5.9	14.609793	22.511336	32.761984	3.362486	14.966972	27.812214
ENSG00000261675	RP5-1119A7.17	201.251412	227.445892	194.28677	0	0	0
ENSG00000263366	ABHD17AP5	0	0	0	0	0	0
ENSG00000263764	SNORD43	0	0	0	0	0	0
ENSG00000264073	MIR3199-1	0	0	0	0	0	0
ENSG00000264139	MIR3667	0	0	0	0	0	0
ENSG00000264141	MIR3928	0	0	0	0	0	0
ENSG00000264160	MIR4762	0	0	0	0	0	0
ENSG00000264346	SNORA77	0	1251.628849	0	0	0	0
ENSG00000264661	MIR3200	0	0	0	0	0	0
ENSG00000264757	MIR3198-1	0	0	0	0	0	0
ENSG00000264824	MIR5571	0	0	0	0	0	0
ENSG00000266012	MIR4764	0	0	0	0	0	0
ENSG00000266320	MIR3909	0	0	0	0	0	0
ENSG00000266503	RN7SL162P	0	0	0	0	0	0
ENSG00000266508	MIR3201	0	0	0	0	0	0
ENSG00000266533	MIR3619	0	0	0	0	0	0
ENSG00000266594	MIR4766	0	0	0	0	0	0
ENSG00000266887	MIR4535	0	0	0	0	0	0
ENSG00000267338	KB-7G2.9	0	0	0	11.849036	34.374651	14.151048
ENSG00000268292	AC006547.15	0	0	0	0	0	0
ENSG00000268812	RP1-102K2.8	0	0	0	0	0	0
ENSG00000268818	CITF22-62D4.1	0	0	0	0	0	0
ENSG00000269220	LINC00528	0	0	0	2.177221	6.481447	10.707173
ENSG00000269972	RP3-430N8.10	0	0	0	0	0	0
ENSG00000269987	RP3-430N8.11	0	0	0	11.849036	17.187326	0
ENSG00000270022	RNU12	115.134583	32.586253	73.913973	152.051003	42.753928	118.518619
ENSG00000270083	RP1-257I20.14	0	0	38.172316	79.584764	28.260347	23.210492
ENSG00000270226	AC006548.26	0	0	0	0	0	0
ENSG00000270393	AC000095.9	0	11.015978	0	6.22726	0	15.1257
ENSG00000271093	IGLCOR22-2	0	0	0	0	0	0
ENSG00000271127	LL22NC03-N64E9.1	0	6.368751	0	53.575696	47.667992	83.081121
ENSG00000271138	IGLVIVOR22-1	0	0	0	0	0	0
ENSG00000271181	CTA-221G9.10	0	0	0	0	0	0
ENSG00000271275	AC007326.9	0	0	0	0	0	0
ENSG00000271672	DUXAP8	0	0	0	0	0	0
ENSG00000272578	AP000347.2	22.702338	65.953592	80.428917	47.733543	43.468137	108.607291
ENSG00000272582	RP5-1039K5.17	0	0	0	0	0	0
ENSG00000272600	AC007308.7	0	0	0	0	0	0
ENSG00000272666	CTA-384D8.35	0	0	0	0	14.954349	0
ENSG00000272669	RP3-508I15.21	29.621653	0	0	13.962694	120.84083	49.715193
ENSG00000272682	AC004471.10	0	0	0	0	4.799537	0
ENSG00000272689	RP4-539M6.21	0	47.395585	53.551736	56.794228	39.6776	32.549457
ENSG00000272694	RP1-63G5.8	0	0	0	0	0	0
ENSG00000272720	CTA-228A9.3	74.788054	12.283805	20.623582	6.886329	10.215173	0
ENSG00000272733	KB-208E9.1	10.377683	17.028182	0	0	7.08324	0
ENSG00000272779	LL22NC03-80A10.6	113.309486	174.687557	71.744585	118.790102	91.143483	117.060762
ENSG00000272787	KB-226F1.2	0	0	0	0	13.100384	21.592503
ENSG00000272798	CTA-390C10.9	0	0	0	0	0	0
ENSG00000272821	CTA-384D8.36	207.239983	226.427152	164.989746	64.032424	18.846538	62.179696
ENSG00000272829	XXbac-B135H6.18	0	0	38.843372	20.262505	28.757628	0
ENSG00000272834	RP5-1042K10.13	0	0	0	0	0	19.47986
ENSG00000272836	RP3-402G11.27	0	0	0	0	0	0
ENSG00000272858	CTA-292E10.8	0	0	0	22.805234	33.453925	18.388226
ENSG00000272872	LL22NC03-N14H11.1	54.253263	29.594201	0	648.294851	357.393982	446.959924
ENSG00000272940	CTA-384D8.33	0	0	0	16.22529	0	19.130162
ENSG00000272942	CTA-246H3.12	0	0	0	0	0	9.225953
ENSG00000272954	KB-1440D3.13	0	0	0	0	49.763091	20.451894
ENSG00000272973	KB-1125A3.11	0	105.00155	19.655015	20.008385	0	24.026701
ENSG00000272977	CTA-390C10.10	26.316376	36.80191	19.361251	12.054551	14.392003	4.45935
ENSG00000273000	KB-1572G7.2	0	97.877976	11.573293	59.477505	108.687086	99.740358
ENSG00000273032	DGCR9	163.926981	141.686986	139.135722	5.785546	0	7.118454
ENSG00000273044	RP4-569D19.8	0	0	0	0	0	0
ENSG00000273068	CTA-714B7.7	0	0	0	0	0	0
ENSG00000273076	RP3-508I15.22	0	0	0	0	0	0
ENSG00000273082	LL22NC03-32F9.1	0	0	0	0	0	0
ENSG00000273096	RP3-508I15.20	0	0	0	0	0	0
ENSG00000273137	RP3-402G11.28	0	0	18.521227	0	0	11.32399
ENSG00000273139	XXbac-B444P24.14	96.773446	78.804976	29.580673	15.248545	0	36.059401
ENSG00000273145	CITF22-92A6.1	0	0	0	4.202842	31.108878	20.542105
ENSG00000273164	AC000095.11	87.76157	47.692992	53.667625	0	0	0
ENSG00000273176	RP3-510H16.3	0	0	40.616564	0	0	0
ENSG00000273188	RP3-402G11.25	37.240779	91.396961	17.096697	0	0	0
ENSG00000273192	CITF22-1A6.3	0	14.241739	3.98205	3.97454	2.959506	9.778686
ENSG00000273203	AC006946.16	24.596009	17.337292	9.693209	4.832952	4.803137	7.936206
ENSG00000273212	AC000068.10	0	0	0	0	0	18.339997
ENSG00000273214	RP5-1039K5.18	0	0	0	0	12.395025	0
ENSG00000273216	AC002059.10	0	0	28.417099	0	0	0
ENSG00000273243	CTA-217C2.2	31.398046	0	0	29.656738	21.340347	35.108981
ENSG00000273244	KB-7G2.8	0	0	0	0	0	0
ENSG00000273253	RP3-402G11.26	125.18229	102.667077	83.65357	10.521681	0	12.815595
ENSG00000273272	CTA-384D8.34	0	0	0	0	0	0
ENSG00000273287	CTA-268H5.14	8.265963	13.573022	0	0	0	0
ENSG00000273289	RP6-109B7.5	95.78982	130.021143	87.842811	0	0	0
ENSG00000273295	AP000350.5	15.522704	15.611644	15.862839	21.310965	23.585169	22.413969
ENSG00000273300	AC000068.9	0	0	0	17.619711	0	20.690146
ENSG00000273311	DGCR11	18.468689	37.955477	46.698337	36.02882	18.930398	36.485309
ENSG00000273325	RP1-90G24.11	0	27.772626	0	0	0	0
ENSG00000273342	KB-1440D3.14	0	0	0	16.664947	23.868083	0
ENSG00000273343	XXbac-B444P24.13	0	33.635071	37.768674	19.205062	14.011646	11.544815
ENSG00000273350	RP4-539M6.20	41.304999	67.066417	37.844187	0	28.016945	0
ENSG00000273353	CTA-268H5.12	0	0	0	0	0	0
ENSG00000273362	KB-67B5.17	0	0	0	0	0	0
ENSG00000273366	CTA-989H11.1	0	0	0	27.114191	13.207756	10.88447
ENSG00000273387	RP3-412A9.16	30.471391	12.511582	7.00224	10.523068	10.404799	8.590286
ENSG00000273424	CTA-223H9.9	0	0	0	66.402743	0	0
ENSG00000273428	RP4-539M6.22	0	0	0	0	0	0
ENSG00000273442	AC006946.17	0	26.465492	29.685512	0	0	9.084384
ENSG00000273643	PPP1R26P2	0	0	0	0	0	0
ENSG00000273846	Metazoa_SRP	0	0	0	0	0	0
ENSG00000273866	Metazoa_SRP	0	0	0	0	0	0
ENSG00000273899	NOL12	135.64984	208.097923	243.860654	235.038095	177.860132	175.368763
ENSG00000273907	CA15P2	0	0	0	0	0	0
ENSG00000273979	Metazoa_SRP	0	0	0	0	0	0
ENSG00000274044	AC011718.2	0	0	0	0	0	0
ENSG00000274170	RFPL3-AS1_2	0	0	0	0	0	0
ENSG00000274252	GGTLC3	0	0	0	0	0	0
ENSG00000274280	MIR6069	0	0	0	0	0	0
ENSG00000274342	TTC28-AS1_3	0	0	0	0	0	0
ENSG00000274381	LL22NC03-84E4.13	0	0	0	0	0	0
ENSG00000274422	LL22NC03-2H8.5	6.040927	0	5.555259	4.152369	10.323214	0
ENSG00000274457	AC000041.10	0	0	0	0	0	0
ENSG00000274552	MIR6889	0	0	0	0	0	0
ENSG00000274600	RIMBP3B	0	1.999333	0	0	0	5.225201
ENSG00000274602	PI4KAP1	112.776918	57.44011	148.844792	187.072756	239.501048	182.205786
ENSG00000274617	RFPL3-AS1_1	0	0	0	0	0	0
ENSG00000274625	SCARNA17	0	0	0	0	0	0
ENSG00000274717	RP1-47A17.1	0	0	6.087653	3.046061	4.523356	0
ENSG00000275004	ZNF280B	45.86306	51.717316	70.484247	53.888503	67.846763	40.310547
ENSG00000275060	PPP1R26P3	0	0	0	0	0	0
ENSG00000275293	Metazoa_SRP	0	0	0	0	0	0
ENSG00000275307	TUG1_4	0	0	0	0	0	0
ENSG00000275319	Metazoa_SRP	0	0	0	0	43.391683	0
ENSG00000275361	LL22NC03-88E1.18	0	0	0	0	0	0
ENSG00000275362	Metazoa_SRP	0	0	0	0	0	0
ENSG00000275609	KB-1572G7.4	0	0	0	0	0	0
ENSG00000275635	U7	0	0	0	0	0	0
ENSG00000275656	RFPL3-AS1_1	0	0	0	0	0	0
ENSG00000275772	LL22NC03-24A12.9	0	0	0	0	0	0
ENSG00000275793	RIMBP3	1.588675	4.537339	8.766945	5.359405	13.429757	10.933075
ENSG00000275818	MIR6818	0	0	0	0	0	0
ENSG00000275840	Metazoa_SRP	0	0	0	0	0	0
ENSG00000275942	MIAT_exon5_2	0	0	0	0	0	0
ENSG00000276027	RNU12	0	2802.637242	1128.951476	0	219.002006	0
ENSG00000276057	TUG1_2	0	0	0	0	0	0
ENSG00000276095	AC008103.3	0	0	0	0	0	0
ENSG00000276138	U6	0	0	0	0	0	0
ENSG00000276150	TTC28-AS1_2	0	0	0	0	0	0
ENSG00000276160	GGTLC5P	0	9.367045	0	0	7.793961	0
ENSG00000276162	MIR5739	0	0	0	0	0	0
ENSG00000276400	VN1R9P	0	0	0	0	0	0
ENSG00000276427	IGLL4P	0	0	0	0	0	0
ENSG00000276664	TUG1_1	0	0	0	0	0	0
ENSG00000276675	TTC28-AS1_4	0	1295.158999	0	0	0	0
ENSG00000276753	MIR6821	0	0	0	0	0	0
ENSG00000276800	Metazoa_SRP	0	0	0	0	0	0
ENSG00000276871	5_8S_rRNA	0	0	0	0	0	0
ENSG00000276874	AC011718.3	0	0	0	0	0	0
ENSG00000276950	GSTTP1	0	0	0	0	3.986264	3.292026
ENSG00000276965	TUG1_3	0	0	0	0	0	0
ENSG00000276991	MIAT_exon5_3	297.042008	260.590219	0	0	0	0
ENSG00000277017	XXbac-B33L19.6	0	0	0	0	0	0
ENSG00000277232	GTSE1-AS1	7.006211	5.754724	19.321249	3.22399	0	37.098538
ENSG00000277248	U2	0	0	0	0	0	0
ENSG00000277385	Metazoa_SRP	0	0	0	0	0	0
ENSG00000277460	TTC28-AS1_1	0	0	0	0	0	0
ENSG00000277690	XXbac-B33L19.15	0	0	0	0	0	0
ENSG00000277771	Metazoa_SRP	0	0	0	0	0	0
ENSG00000277870	FAM230A	0	0	0	0	0	0
ENSG00000277872	MIR6817	0	0	0	0	0	0
ENSG00000277941	MIAT_exon5_1	0	0	0	0	0	0
ENSG00000277950	Metazoa_SRP	0	0	0	0	0	0
ENSG00000277971	XXbac-B562F10.12	0	0	0	0	0	0
ENSG00000278008	PPP1R26P4	0	0	0	0	1.920684	0
ENSG00000278044	XXbac-B33L19.12	0	0	0	0	0	0
ENSG00000278110	XXbac-B33L19.10	0	0	0	0	0	0
ENSG00000278188	U6	0	0	0	0	0	0
ENSG00000278195	SSTR3	64.793968	67.124304	105.9712	14.286773	18.046329	16.267191
ENSG00000278196	IGLV2-8	0	0	0	0	0	0
ENSG00000278278	MIR6816	0	0	0	0	0	0
ENSG00000278292	RFPL4AP6	0	0	0	0	0	0
ENSG00000278404	MIAT_exon1	0	0	0	0	0	0
ENSG00000278420	MIR6819	0	0	0	0	0	0
ENSG00000278558	TMEM191B	87.808639	10.774631	44.030961	15.357337	7.210108	28.166651
ENSG00000278655	KB-1572G7.5	0	0	0	0	0	0
ENSG00000278657	LL22NC03-23C6.13	0	0	0	0	0	0
ENSG00000278667	LL22NC03-48A11.14	0	0	0	0	0	0
ENSG00000278869	CITF22-49E9.3	0	0	0	0	9.129641	15.061565
ENSG00000278881	FP325331.1	0	0	0	0	0	0
ENSG00000278890	LL22NC03-27C5.1	0	0	0	0	0	0
ENSG00000278920	RP3-412A9.17	0	0	0	0.521343	1.950093	0.644729
ENSG00000278948	RP5-1039K5.12	44.981023	124.753048	56.861956	59.422199	84.509778	50.759365
ENSG00000278960	CTA-407F11.9	0	0	0	0	0	0
ENSG00000279006	CTA-243E7.2	0	0	0	0	0	0
ENSG00000279010	MIR4534	24.477941	24.186431	21.693757	7.687543	8.976715	6.472138
ENSG00000279080	CTA-228A9.4	0	0	0	0	1.593454	0
ENSG00000279085	CTA-243E7.4	0	0	0	0	2.471085	0
ENSG00000279110	CTA-243E7.1	0	0	0	0	0.995573	0
ENSG00000279159	RP3-394A18.1	0.191884	0.789895	0.353013	0.526032	1.706082	0.108479
ENSG00000279175	CTA-414D7.1	3.547975	3.504652	2.610778	2.9195	3.396887	4.010841
ENSG00000279182	XX-C00717C00720L.1	0	0	0	0	0	0
ENSG00000279184	RP3-323A16.1	0	0	0	0.079877	0.956569	0
ENSG00000279217	CTA-212A2.3	0	0	0	0	1.342603	0
ENSG00000279219	AL008723.1	0	0	0	0	0	0
ENSG00000279278	CH17-264L24.1	0	0	0	0	1.562815	0
ENSG00000279298	CTA-221G9.11	0	0	0	0	0	0
ENSG00000279345	RP3-522J7.7	0	0	0	0	0	0
ENSG00000279440	CTA-992D9.11	0	0	0	0	2.57267	0
ENSG00000279442	LA16c-60D12.2	0	0	0	0	2.145748	0
ENSG00000279467	KB-1125A3.12	0	0	0	0	1.640369	0
ENSG00000279494	RP11-494O16.4	0	0	0	0	0	0
ENSG00000279548	CTA-243E7.3	0	0	0	0	0	0
ENSG00000279560	AC007326.1	0	0	0	0	0	0
ENSG00000279597	RP4-566L20.1	0	0	0	0	0	0
ENSG00000279642	RP5-1033E15.3	0	0	0	0	0	0
ENSG00000279652	RP1-78B3.1	0	0	0	0.540409	0.807951	0
ENSG00000279699	RP1-102K2.9	6.025239	14.851949	0	0	4.116084	3.399134
ENSG00000279712	CTA-280A3.2	4.025671	2.485067	2.777066	3.221558	7.570379	7.39435
ENSG00000279714	CTA-212A2.2	0	0	0	0	0	0
ENSG00000279738	RP5-1014D13.2	5.929253	9.469065	8.634704	13.259479	12.272624	6.509107
ENSG00000279805	CTA-212A2.1	5.391049	4.430532	9.912949	2.476564	0	0
ENSG00000279833	RP4-742C19.13	0	0	0	0	0	0
ENSG00000279848	CTA-992D9.9	0	0	0	0	0	0
ENSG00000279914	CTA-992D9.10	0	0	0	0	0	0
ENSG00000279920	KB-1183D5.18	0	0	0	0	0	0
ENSG00000279927	CTA-212A2.4	0	0	0	0	0	0
ENSG00000279933	RP4-671O14.5	0	0	0	0	0	0
ENSG00000279954	WI2-85898F10.2	0	9.864712	8.271931	0	2.049544	0
ENSG00000279973	BAGE5	0	0	0	0	0	0
ENSG00000279987	AC008103.4	0	0	0	0	0	0
ENSG00000280007	AC008079.10	0.466012	1.150901	0	0.638945	2.549652	0.263427
ENSG00000280011	RP4-671O14.7	0	0.410527	0	0.683767	1.023149	0.563786
ENSG00000280025	CTA-992D9.8	0	0	0	0	3.157395	0
ENSG00000280080	U51561.1	0	0	0	0	0	0
ENSG00000280156	AC006548.28	0.111981	0.092197	0.103008	0	1.225431	0.063309
ENSG00000280178	AP000349.2	0	0	0	0	0	0
ENSG00000280199	RP1-34P24.3	0	0	0	0	7.54335	0
ENSG00000280216	RP3-333H23.9	0	65.648898	74.073178	0	0	0
ENSG00000280224	CTA-722E9.1	0	0	0	0	7.610084	0
ENSG00000280263	ACTR3BP2	0	0	0	0	0	0
ENSG00000280312	RP1-111J24.1	6.414858	5.270074	0	2.950045	0	0
ENSG00000280341	LA16c-60D12.1	0	0	0	0	0	0
ENSG00000280356	RP1-101G11.3	0	0	0	0.81991	1.22626	1.013496
ENSG00000280363	CU104787.1	0	0	0	0	0	0
ENSG00000280383	CTA-941F9.10	6.180812	6.455476	4.926381	5.662385	2.826459	6.294413
ENSG00000280384	RP4-695O20.1	0	4.137585	4.628345	4.623332	13.758371	8.522773
ENSG00000280395	RP5-898I4.1	2.677241	0	0	0	0	0
ENSG00000280418	AC007326.10	0	1.047257	0	0	0	0
ENSG00000280424	CITF22-92A6.2	4.724957	0	0	1.08186	4.845268	1.334548
ENSG00000280434	RP4-671O14.6	2.006701	3.854327	3.076327	5.198133	5.489322	3.40279
ENSG00000280445	RP1-205F14P.1	0	0	0	7.669457	0	0
ENSG00000280623	PCAT14	0	0	2.303749	347.852706	350.203892	413.952645
ENSG00000280968	MIR3653	0	0	0	0	0	0
ENSG00000281295	SNORA50	0	0	0	0	0	0
ENSG00000281530	DGCR12	29.912287	0	54.949226	13.880012	20.397118	33.64172
ENSG00000281538	RP4-669P10.20	61.714034	33.635071	75.537349	0	0	23.08963
ENSG00000281548	LINC00895	0	0	0	0	0	0
ENSG00000281732	CTA-299D3.8	0	0	0	0	0	0
ENSG00000282012	LL22NC03-N95F10.1	0	0	0	0	0	0
ENSG00000282041	CTA-286B10.8	0	0	0	0	0	0
ENSG00000282602	CTA-286B10.7	0	0	0	16.22529	0	0
ENSG00000282816	AC000035.3	0	0	0	0	0	0
ENSG00000283023	FRG1GP	0	0	0	0	0	0
ENSG00000283047	FRG1FP	0	0	0	0	0	0
ENSG00000283145	KB-1592A4.16	0	0	0	0	0	0
ENSG00000283225	MIR3199-2	0	0	0	0	0	0
ENSG00000283366	AC000095.12	63.342935	51.869512	43.631823	0	0	0
ENSG00000283406	DGCR5	131.986967	112.035516	145.088382	0	0	0
ENSG00000283438	Metazoa_SRP	84.919652	0	0	0	0	0
ENSG00000283535	AC007064.29	0	0	0	0	0	0
ENSG00000283583	AC007326.12	0	0	0	0	0	0
ENSG00000283633	AC005301.9	16.301391	52.141368	23.122663	99.826705	77.996979	110.403504
ERCC-00002	ERCC-00002	200533.902056	205049.201149	205209.729681	97759.662677	93629.891208	101111.228787
ERCC-00003	ERCC-00003	16029.928676	14375.647286	15371.256726	8914.210623	8261.443469	8340.156921
ERCC-00004	ERCC-00004	12246.732083	11747.048809	12272.839679	57872.924111	60861.794765	55358.370028
ERCC-00009	ERCC-00009	3694.753346	3668.295569	3779.125811	3701.603553	3765.860682	3623.991368
ERCC-00012	ERCC-00012	0	0	0	5.306211	0	0
ERCC-00013	ERCC-00013	0	0	0	13.769029	20.237024	0
ERCC-00014	ERCC-00014	68.669486	43.412959	19.42606	24.263162	7.218135	23.846269
ERCC-00016	ERCC-00016	0	0	0	0	0	0
ERCC-00017	ERCC-00017	0	0	0	0	0	5.512779
ERCC-00019	ERCC-00019	60.011121	81.783392	36.728577	121.315163	149.892337	134.742417
ERCC-00022	ERCC-00022	2428.907243	2188.834086	2425.288688	1522.57365	1100.172927	1401.861345
ERCC-00024	ERCC-00024	0	0	0	0	0	0
ERCC-00025	ERCC-00025	408.820862	331.753525	285.47368	316.108247	342.974299	309.555557
ERCC-00028	ERCC-00028	19.692794	0	0	27.266733	53.770618	27.736077
ERCC-00031	ERCC-00031	0	8.012938	35.895134	18.025599	0	0
ERCC-00033	ERCC-00033	0	0	0	0	0	8.628588
ERCC-00034	ERCC-00034	77.96678	146.169233	122.813869	92.657026	53.207769	112.89647
ERCC-00035	ERCC-00035	462.780664	630.215568	515.776882	577.145845	430.164946	554.721544
ERCC-00039	ERCC-00039	16.617575	13.603939	45.782445	30.898006	33.983041	9.33915
ERCC-00040	ERCC-00040	0	0	0	0	0	9.274128
ERCC-00041	ERCC-00041	0	8.147557	9.124913	0	0	0
ERCC-00042	ERCC-00042	3647.196773	3446.154536	3442.998524	3734.746865	4009.674944	4195.04899
ERCC-00043	ERCC-00043	9411.763102	8856.344375	9381.66166	5563.696975	5477.367282	5381.149151
ERCC-00044	ERCC-00044	1054.459578	1250.807341	1065.966097	796.151031	660.935307	685.929163
ERCC-00046	ERCC-00046	42325.004539	36596.257565	39053.432528	24092.800358	22915.731268	21991.536437
ERCC-00048	ERCC-00048	0	0	0	0	0	0
ERCC-00051	ERCC-00051	172.558523	0	157.545776	383.003304	292.213001	95.862365
ERCC-00053	ERCC-00053	155.199863	154.576853	112.050248	138.323958	219.397308	212.249502
ERCC-00054	ERCC-00054	172.558523	139.449112	236.318664	127.667768	0	47.931182
ERCC-00057	ERCC-00057	0	0	0	0	0	0
ERCC-00058	ERCC-00058	9.785057	56.206652	44.962002	4.515854	20.038612	16.538338
ERCC-00059	ERCC-00059	294.393247	174.668287	368.30939	176.062803	127.444613	89.921511
ERCC-00060	ERCC-00060	2503.178206	2217.667158	2469.384241	2985.357397	3039.427777	2532.046329
ERCC-00061	ERCC-00061	0	0	0	0	0	0
ERCC-00062	ERCC-00062	133.028454	109.113072	40.745545	491.818517	416.098343	474.440064
ERCC-00067	ERCC-00067	0	0	36.728577	9.331936	0	22.45707
ERCC-00069	ERCC-00069	9.774908	48.127329	35.932329	13.533365	6.672623	5.507081
ERCC-00071	ERCC-00071	783.470537	788.444565	590.157554	627.962106	437.901892	563.803028
ERCC-00073	ERCC-00073	21.910489	0	0	10.242202	14.919735	0
ERCC-00074	ERCC-00074	282130.706276	272115.854986	283056.901579	198515.032752	212374.477443	198543.520716
ERCC-00075	ERCC-00075	0	0	0	0	0	0
ERCC-00076	ERCC-00076	1988.809826	2316.05591	2213.090828	1190.31623	1026.332561	1093.777875
ERCC-00077	ERCC-00077	86.975538	0	0	0	117.838716	48.31417
ERCC-00078	ERCC-00078	471.139933	471.194731	580.716263	239.074171	196.033177	207.04035
ERCC-00079	ERCC-00079	560.103795	621.553777	881.485839	419.937103	381.54413	381.770183
ERCC-00081	ERCC-00081	0	0	0	0	0	0
ERCC-00083	ERCC-00083	0	0	0	0	0	0
ERCC-00084	ERCC-00084	309.885031	320.02375	432.370976	244.085712	195.794994	193.864919
ERCC-00085	ERCC-00085	28.084898	23.012043	0	78.116989	19.154564	86.891352
ERCC-00086	ERCC-00086	0	0	0	0	0	0
ERCC-00092	ERCC-00092	326.980877	447.176539	364.229759	1600.697646	1731.492747	1702.535801
ERCC-00095	ERCC-00095	541.410468	662.462155	496.706569	2099.558706	2062.415089	1894.681872
ERCC-00096	ERCC-00096	103995.713054	105825.12318	104357.687227	102111.806603	98800.411011	102964.423561
ERCC-00097	ERCC-00097	0	0	0	25.299639	0	0
ERCC-00098	ERCC-00098	0	0	0	0	0	0
ERCC-00099	ERCC-00099	144.110563	111.75428	80.947627	59.007734	71.072947	85.755437
ERCC-00104	ERCC-00104	0	0	4.685885	0	6.964663	0
ERCC-00108	ERCC-00108	1209.764834	1010.48002	1254.399442	4713.747122	4643.05468	5193.7126
ERCC-00109	ERCC-00109	0	0	0	0	35.315506	0
ERCC-00111	ERCC-00111	5979.633384	5854.552133	5230.634241	3486.180711	3759.263883	3580.038842
ERCC-00112	ERCC-00112	1761.310209	1951.173793	1987.320468	961.876842	1048.687344	898.583011
ERCC-00113	ERCC-00113	49824.680132	49528.031417	50154.09821	32209.764917	32005.949312	33819.607754
ERCC-00116	ERCC-00116	772.339497	613.476847	676.735287	2430.69139	2507.485186	2928.070309
ERCC-00117	ERCC-00117	0	0	0	0	0	0
ERCC-00120	ERCC-00120	25.953196	0	0	0	0	0
ERCC-00123	ERCC-00123	0	0	0	0	0	0
ERCC-00126	ERCC-00126	29.914243	24.545763	45.81747	59.835878	13.612992	61.791344
ERCC-00130	ERCC-00130	42839.118836	46328.157439	42619.975069	170778.402379	162065.500186	170409.085794
ERCC-00131	ERCC-00131	299.369825	464.496868	289.422151	1119.574975	977.563008	1178.094028
ERCC-00134	ERCC-00134	0	0	78.772888	0	0	0
ERCC-00136	ERCC-00136	2815.902603	2714.20671	2426.408293	11224.361996	11366.042949	11020.226424
ERCC-00137	ERCC-00137	0	0	0	12.150005	35.219078	0
ERCC-00138	ERCC-00138	11.07268	0	0	0	7.556555	0
ERCC-00142	ERCC-00142	0	0	0	0	20.015064	0
ERCC-00143	ERCC-00143	0	37.889037	14.163747	28.637151	52.573232	26.011397
ERCC-00144	ERCC-00144	25.811035	21.063068	94.727907	121.158114	87.808321	57.832968
ERCC-00145	ERCC-00145	5237.342285	6128.461311	5559.877154	3847.553661	3581.791048	3712.869206
ERCC-00147	ERCC-00147	0	0	0	0	0	0
ERCC-00148	ERCC-00148	29.344947	0	134.585649	27.656294	19.953107	82.092683
ERCC-00150	ERCC-00150	0	40.598288	15.180644	15.366289	45.073092	0
ERCC-00154	ERCC-00154	25.881921	0	23.746848	12.150005	123.266773	57.990327
ERCC-00156	ERCC-00156	0	0	0	0	0	0
ERCC-00157	ERCC-00157	122.519226	82.220193	153.517336	66.918963	91.213318	75.264314
ERCC-00158	ERCC-00158	0	0	20.277467	5.098839	7.530073	12.427026
ERCC-00160	ERCC-00160	132.241062	284.188015	212.529022	99.880877	101.414457	92.902987
ERCC-00162	ERCC-00162	753.645051	483.056213	666.733745	632.490974	677.462818	497.366243
ERCC-00163	ERCC-00163	127.311771	145.467139	303.717281	71.686133	69.303681	128.382334
ERCC-00164	ERCC-00164	0	9.103424	0	0	0	0
ERCC-00165	ERCC-00165	444.841547	707.030076	495.33298	318.511691	257.453169	280.622076
ERCC-00168	ERCC-00168	22.145359	9.082113	10.174431	0	7.556555	0
ERCC-00170	ERCC-00170	11.085704	18.185512	30.559159	92.215972	105.915942	93.639486
ERCC-00171	ERCC-00171	25961.407127	28849.965509	27407.661886	25296.710381	25663.768089	26202.433129
